range,x,y,z,intensity,ring,time,timestamp
25.000002,24.996548,0.29667714,0.2910271,99.0,22,-0.047484808,1782499906.8023021
24.996,24.99343,0.20940506,0.29098052,100.0,22,-0.04742951,1782499906.8023021
25.004002,25.002008,0.12219279,0.29107368,100.0,22,-0.047374215,1782499906.8023021
25.000002,24.99827,0.04364385,0.2910271,99.0,22,-0.047318917,1782499906.8023021
25.004004,24.999243,0.21815842,0.43637997,56.0,23,-0.04664769,1782499906.8023021
25.012001,25.007872,0.12657617,0.4365196,59.0,23,-0.046592396,1782499906.8023021
24.992004,24.988152,0.04797742,0.43617055,59.0,23,-0.0465371,1782499906.8023021
25.028,25.020273,0.21834867,0.5822299,89.0,24,-0.04588383,1782499906.8023021
25.008,25.000889,0.13090557,0.58176464,89.0,24,-0.045828536,1782499906.8023021
25.015999,25.009174,0.052379172,0.5819507,89.0,24,-0.04577804,1782499906.8023021
25.004002,25.00255,0.22692241,0.1453211,96.0,21,-0.045101486,1782499906.8023021
25.008001,25.007189,0.13966788,0.14534435,93.0,21,-0.04504619,1782499906.8023021
25.008,25.007523,0.05237576,0.14534435,89.0,21,-0.044990893,1782499906.8023021
25.004002,25.001316,0.22256194,0.29107368,100.0,22,-0.047581807,1782499906.901715
24.996,24.993963,0.13086571,0.29098052,99.0,22,-0.047526512,1782499906.901715
24.995998,24.994259,0.047987014,0.29098052,97.0,22,-0.047471218,1782499906.901715
25.004004,24.999166,0.22689615,0.43637997,59.0,23,-0.046802852,1782499906.901715
25.004002,24.999828,0.13527365,0.43637997,59.0,23,-0.046747554,1782499906.901715
25.000002,24.99614,0.052355222,0.43631017,59.0,23,-0.04669226,1782499906.901715
25.012003,25.004164,0.23130126,0.5818577,89.0,24,-0.04602659,1782499906.901715
25.015999,25.008839,0.13967715,0.5819507,93.0,24,-0.045971297,1782499906.901715
25.015999,25.009165,0.05674412,0.5819507,93.0,24,-0.045916,1782499906.901715
25.012001,25.01047,0.23572499,0.1453676,93.0,21,-0.045248028,1782499906.901715
25.000002,24.99914,0.14834955,0.14529786,96.0,21,-0.045192733,1782499906.901715
25.012001,25.011494,0.065480314,0.1453676,93.0,21,-0.04513744,1782499906.901715
25.008001,25.005314,0.22259752,0.29112023,97.0,22,-0.047760095,1782499907.001567
25.0,24.997986,0.12653582,0.2910271,100.0,22,-0.047704797,1782499907.001567
25.015999,25.014275,0.039294295,0.29121333,97.0,22,-0.047649503,1782499907.001567
24.992002,24.987167,0.22678725,0.43617055,56.0,23,-0.046990197,1782499907.001567
24.996,24.991827,0.13523036,0.43624035,56.0,23,-0.046934903,1782499907.001567
24.996,24.992138,0.05234684,0.43624035,59.0,23,-0.046879604,1782499907.001567
25.028,25.020157,0.23144922,0.5822299,89.0,24,-0.0462137,1782499907.001567
25.019999,25.012838,0.13969949,0.58204377,93.0,24,-0.046158403,1782499907.001567
25.012001,25.011139,0.14842077,0.1453676,93.0,21,-0.04538866,1782499907.001567
25.004002,25.003506,0.061095312,0.1453211,96.0,21,-0.045333367,1782499907.001567
24.991999,24.988546,0.29658216,0.29093397,99.0,22,-0.04797862,1782499907.1012244
25.012001,25.009428,0.20953912,0.29116678,97.0,22,-0.047923326,1782499907.1012244
25.008001,25.006006,0.12221233,0.29112023,97.0,22,-0.047868032,1782499907.1012244
24.996,24.994282,0.034901,0.29098052,95.0,22,-0.047812734,1782499907.1012244
24.996,24.99128,0.21373892,0.43624035,56.0,23,-0.047152236,1782499907.1012244
25.000002,24.995852,0.13088971,0.43631017,56.0,23,-0.047108896,1782499907.1012244
24.996,24.992163,0.039261702,0.43624035,56.0,23,-0.047053598,1782499907.1012244
25.016,25.008316,0.21387917,0.5819507,93.0,24,-0.04639771,1782499907.1012244
25.019999,25.012863,0.13533394,0.58204377,89.0,24,-0.04634241,1782499907.1012244
25.019999,25.013191,0.043656345,0.58204377,93.0,24,-0.046287116,1782499907.1012244
25.012001,25.010588,0.22262974,0.1453676,89.0,21,-0.045641318,1782499907.1012244
25.012005,25.011215,0.13532515,0.1453676,89.0,21,-0.04558602,1782499907.1012244
25.012003,25.011534,0.048018873,0.1453676,89.0,21,-0.045530725,1782499907.1012244
24.995998,24.992647,0.28791818,0.29098052,100.0,22,-0.04813116,1782499907.201436
25.004002,25.001501,0.20073326,0.29107368,100.0,22,-0.048075862,1782499907.201436
25.000002,24.99805,0.11344771,0.2910271,100.0,22,-0.048020568,1782499907.201436
24.996,24.994287,0.030550852,0.29098052,95.0,22,-0.04796527,1782499907.201436
25.000002,24.994486,0.2922922,0.43631017,56.0,23,-0.04735864,1782499907.201436
25.008001,25.003351,0.2051024,0.4364498,59.0,23,-0.04730334,1782499907.201436
25.000004,24.995918,0.11780261,0.43631017,59.0,23,-0.047248047,1782499907.201436
24.996002,24.992176,0.030538354,0.43624035,59.0,23,-0.047192752,1782499907.201436
25.012,25.00347,0.29676113,0.5818577,85.0,24,-0.0465912,1782499907.201436
25.015999,25.008352,0.2095144,0.5819507,93.0,24,-0.046535905,1782499907.201436
25.04,25.032927,0.12233489,0.58250904,93.0,24,-0.04648061,1782499907.201436
25.019999,25.013205,0.034925092,0.58204377,93.0,24,-0.04641891,1782499907.201436
25.004002,25.002665,0.2138308,0.1453211,96.0,21,-0.045760237,1782499907.201436
25.012003,25.01126,0.12659462,0.1453676,96.0,21,-0.045704942,1782499907.201436
25.008,25.00754,0.043646436,0.14534435,100.0,21,-0.045649644,1782499907.201436
25.004002,25.000843,0.27054548,0.29107368,100.0,22,-0.04829657,1782499907.301677
24.996,24.993603,0.18758337,0.29098052,100.0,22,-0.048241273,1782499907.301677
25.000004,24.998108,0.10035942,0.2910271,100.0,22,-0.048185978,1782499907.301677
24.996,24.994303,0.013090296,0.29098052,100.0,22,-0.048130684,1782499907.301677
25.004002,24.998585,0.28362536,0.43637997,56.0,23,-0.047517613,1782499907.301677
25.000002,24.995424,0.19632415,0.43631017,56.0,23,-0.047462318,1782499907.301677
25.000004,24.995958,0.109065995,0.43631017,59.0,23,-0.04740702,1782499907.301677
25.004005,25.000187,0.021821942,0.43637997,59.0,23,-0.047351725,1782499907.301677
25.012001,25.003572,0.28803325,0.5818577,100.0,24,-0.046759713,1782499907.301677
25.024002,25.016424,0.20084904,0.58213687,93.0,24,-0.046704415,1782499907.301677
25.015999,25.008972,0.113487914,0.5819507,93.0,24,-0.04664912,1782499907.301677
25.024,25.017216,0.026198078,0.58213687,93.0,24,-0.046593823,1782499907.301677
25.012001,25.009869,0.2924714,0.1453676,96.0,21,-0.04598568,1782499907.301677
25.008,25.006737,0.20513624,0.14534435,96.0,21,-0.045930382,1782499907.301677
25.008001,25.007301,0.11784486,0.14534435,96.0,21,-0.045875087,1782499907.301677
25.004002,25.003561,0.03054747,0.1453211,96.0,21,-0.045819793,1782499907.301677
24.995998,24.992935,0.26174727,0.29098052,99.0,22,-0.04848746,1782499907.4017706
25.000002,24.997667,0.17888807,0.2910271,97.0,22,-0.04843196,1782499907.4017706
24.992,24.990154,0.08723165,0.29093397,99.0,22,-0.04837666,1782499907.4017706
25.004,25.002304,0.00873121,0.29107368,100.0,22,-0.048321366,1782499907.4017706
25.000004,24.994732,0.27049366,0.43631017,56.0,23,-0.047704957,1782499907.4017706
24.996002,24.991524,0.183208,0.43624035,56.0,23,-0.047649663,1782499907.4017706
25.000002,24.99601,0.095978945,0.43631017,59.0,23,-0.04759437,1782499907.4017706
24.996,24.99219,0.013091563,0.43624035,56.0,23,-0.04753907,1782499907.4017706
25.008001,24.999722,0.2748974,0.58176464,100.0,24,-0.046938,1782499907.4017706
25.028,25.020523,0.18778042,0.5822299,93.0,24,-0.046882704,1782499907.4017706
25.020002,25.012993,0.10914046,0.58204377,89.0,24,-0.046827406,1782499907.4017706
25.016,25.00922,0.021824658,0.5819507,93.0,24,-0.04677211,1782499907.4017706
25.016,25.01392,0.2881524,0.14539084,93.0,21,-0.046171594,1782499907.4017706
25.016,25.014772,0.2008359,0.14539084,100.0,21,-0.0461163,1782499907.4017706
25.004,25.00332,0.11346232,0.1453211,93.0,21,-0.046061,1782499907.4017706
25.008001,25.007566,0.026187787,0.14534435,89.0,21,-0.046005707,1782499907.4017706
25.000002,24.997156,0.23996454,0.2910271,100.0,22,-0.048656445,1782499907.5013747
25.008,25.005838,0.1527609,0.29112023,95.0,22,-0.04860115,1782499907.5013747
25.004002,25.002222,0.06545623,0.29107368,95.0,22,-0.048545856,1782499907.5013747
25.004002,24.999,0.24434769,0.43637997,59.0,23,-0.047878683,1782499907.5013747
25.000004,24.995674,0.16142592,0.43631017,56.0,23,-0.047823384,1782499907.5013747
24.996,24.992096,0.06979349,0.43624035,56.0,23,-0.0477686,1782499907.5013747
25.02,25.01195,0.25320235,0.58204377,89.0,24,-0.047102932,1782499907.5013747
25.02,25.01268,0.16589282,0.58204377,93.0,24,-0.047047637,1782499907.5013747
25.015999,25.009106,0.07856868,0.5819507,93.0,24,-0.04699234,1782499907.5013747
25.016,25.014208,0.2619579,0.14539084,89.0,21,-0.046333667,1782499907.5013747
25.004002,25.00297,0.17455633,0.1453211,93.0,21,-0.046278372,1782499907.5013747
25.012001,25.011427,0.087306835,0.1453676,93.0,21,-0.046223074,1782499907.5013747
25.004,25.003578,-0.0,0.1453211,96.0,21,-0.04616778,1782499907.5013747
25.000002,24.996891,0.26613984,0.2910271,100.0,22,-0.04885808,1782499907.6023195
24.996,24.993727,0.17012376,0.29098052,97.0,22,-0.048802786,1782499907.6023195
24.996,24.994139,0.09160749,0.29098052,97.0,22,-0.048747487,1782499907.6023195
25.011997,25.010303,4.472191e-06,0.29116678,100.0,22,-0.048692193,1782499907.6023195
25.004004,24.998732,0.27053693,0.43637997,59.0,23,-0.04809295,1782499907.6023195
25.004002,24.999523,0.18326667,0.43637997,56.0,23,-0.048037656,1782499907.6023195
25.000006,24.996029,0.09162847,0.43631017,56.0,23,-0.047982357,1782499907.6023195
24.996002,24.992193,0.008729866,0.43624035,56.0,23,-0.047927063,1782499907.6023195
25.012003,25.003721,0.27494135,0.5818577,85.0,24,-0.047335766,1782499907.6023195
25.008001,25.000528,0.18763037,0.58176464,85.0,24,-0.047280468,1782499907.6023195
25.019999,25.013044,0.096043706,0.58204377,89.0,24,-0.047225174,1782499907.6023195
25.015999,25.009226,0.013094804,0.5819507,89.0,24,-0.04716988,1782499907.6023195
25.008001,25.00597,0.28369597,0.14534435,93.0,21,-0.046545282,1782499907.6023195
25.008001,25.006807,0.19640692,0.14534435,100.0,21,-0.046489988,1782499907.6023195
25.012,25.01134,0.10913317,0.1453676,93.0,21,-0.046430193,1782499907.6023195
25.012001,25.01157,0.021826709,0.1453676,100.0,21,-0.0463749,1782499907.6023195
25.000002,24.996796,0.2748767,0.2910271,99.0,22,-0.04907378,1782499907.702276
25.000002,24.997602,0.18761341,0.2910271,97.0,22,-0.049018484,1782499907.702276
24.991999,24.990122,0.095966116,0.29093397,95.0,22,-0.04896319,1782499907.702276
25.000002,24.998304,0.013092392,0.2910271,95.0,22,-0.04890789,1782499907.702276
24.996,24.990683,0.2747998,0.43624035,56.0,23,-0.048295777,1782499907.702276
24.996002,24.992186,0.02181496,0.43624035,59.0,23,-0.04812989,1782499907.702276
25.024,25.016972,0.11352421,0.58213687,89.0,24,-0.04742347,1782499907.702276
25.012001,25.005219,0.026185514,0.5818577,89.0,24,-0.047368173,1782499907.702276
25.016,25.013868,0.2925182,0.14539084,100.0,21,-0.04677338,1782499907.702276
25.012001,25.010736,0.20516905,0.1453676,100.0,21,-0.046718083,1782499907.702276
25.004002,25.003302,0.11782601,0.1453211,96.0,21,-0.04666279,1782499907.702276
25.008001,25.00756,0.030552357,0.14534435,93.0,21,-0.04660749,1782499907.702276
25.000002,24.996649,0.28796425,0.2910271,100.0,22,-0.04932211,1782499907.8019845
25.004,25.002293,0.026185248,0.29107368,95.0,22,-0.049156222,1782499907.8019845
24.996,24.990484,0.29224542,0.43624035,59.0,23,-0.048534572,1782499907.8019845
25.000002,24.995354,0.2050368,0.43631017,56.0,23,-0.048479274,1782499907.8019845
24.996,24.991917,0.117783755,0.43624035,56.0,23,-0.048419245,1782499907.8019845
25.016,25.008932,0.12221763,0.5819507,96.0,24,-0.047661103,1782499907.8019845
25.008001,25.006664,0.21386501,0.14534435,96.0,21,-0.046942607,1782499907.8019845
25.016,25.01528,0.122248895,0.14539084,96.0,21,-0.04688731,1782499907.8019845
25.012001,25.011555,0.034922697,0.1453676,96.0,21,-0.046832014,1782499907.8019845
25.000002,24.996698,0.28358978,0.2910271,100.0,22,-0.049540672,1782499907.902182
24.996,24.9935,0.20066902,0.29098052,95.0,22,-0.049485378,1782499907.902182
24.996,24.99405,0.113429554,0.29098052,100.0,22,-0.04943008,1782499907.902182
25.000002,24.998293,0.026181059,0.2910271,97.0,22,-0.049374785,1782499907.902182
25.000002,24.994535,0.2879302,0.43631017,56.0,23,-0.048752654,1782499907.902182
25.000004,24.996178,0.030543244,0.43631017,56.0,23,-0.048586767,1782499907.902182
25.015999,25.007519,0.29244393,0.5819507,100.0,24,-0.047976397,1782499907.902182
25.024,25.016388,0.2052152,0.58213687,89.0,24,-0.0479211,1782499907.902182
25.012003,25.004934,0.12219809,0.5818577,93.0,24,-0.047865804,1782499907.902182
25.015999,25.009205,0.034919508,0.5819507,89.0,24,-0.04781051,1782499907.902182
25.016,25.013817,0.29688406,0.14539084,100.0,21,-0.04721333,1782499907.902182
25.008001,25.006628,0.21822976,0.14534435,100.0,21,-0.047158036,1782499907.902182
25.008001,25.007236,0.13093875,0.14534435,96.0,21,-0.047096096,1782499907.902182
25.004,25.00354,0.043639455,0.1453211,100.0,21,-0.0470408,1782499907.902182
25.011997,25.009531,0.19642106,0.29116678,99.0,22,-0.049695116,1782499908.002808
25.004002,25.00207,0.109102406,0.29107368,100.0,22,-0.04963982,1782499908.002808
24.991999,24.990292,0.026172679,0.29093397,97.0,22,-0.049584523,1782499908.002808
24.996,24.990534,0.2878841,0.43624035,56.0,23,-0.048971456,1782499908.002808
25.004004,24.99939,0.20071857,0.43637997,59.0,23,-0.04891616,1782499908.002808
24.996,24.991936,0.113410234,0.43624035,59.0,23,-0.048860863,1782499908.002808
25.000002,24.996181,0.026180893,0.43631017,56.0,23,-0.04880557,1782499908.002808
25.012001,25.003521,0.2923972,0.5818577,100.0,24,-0.048194245,1782499908.002808
25.028,25.020386,0.205248,0.5822299,89.0,24,-0.048138946,1782499908.002808
25.020002,25.012953,0.11787162,0.58204377,96.0,24,-0.04808365,1782499908.002808
25.015999,25.00921,0.03055456,0.5819507,89.0,24,-0.048028354,1782499908.002808
25.008001,25.005817,0.2967891,0.14534435,96.0,21,-0.04741711,1782499908.002808
25.008001,25.006702,0.20950043,0.14534435,96.0,21,-0.047361813,1782499908.002808
25.012001,25.01128,0.122229345,0.1453676,100.0,21,-0.04730652,1782499908.002808
25.000002,24.999556,0.034905944,0.14529786,96.0,21,-0.04725122,1782499908.002808
24.991999,24.988935,0.26170537,0.29093397,99.0,22,-0.049965125,1782499908.1024265
25.004,25.001635,0.18326823,0.29107368,97.0,22,-0.04990983,1782499908.1024265
25.008001,25.006138,0.09165147,0.29112023,99.0,22,-0.049854536,1782499908.1024265
25.007998,25.006302,0.008732606,0.29112023,100.0,22,-0.049799237,1782499908.1024265
24.996,24.99073,0.27045035,0.43624035,56.0,23,-0.04919523,1782499908.1024265
25.000004,24.995491,0.1875996,0.43631017,56.0,23,-0.04913993,1782499908.1024265
25.000004,24.995995,0.10034134,0.43631017,56.0,23,-0.04908348,1782499908.1024265
25.016,25.008526,0.18769039,0.5819507,89.0,24,-0.048371814,1782499908.1024265
25.012003,25.004995,0.109105565,0.5818577,89.0,24,-0.048316516,1782499908.1024265
25.008003,25.00592,0.28806025,0.14534435,93.0,21,-0.047671672,1782499908.1024265
25.008001,25.006773,0.20077167,0.14534435,100.0,21,-0.047616377,1782499908.1024265
25.012001,25.01132,0.11349863,0.1453676,93.0,21,-0.04756108,1782499908.1024265
25.012001,25.011566,0.026191976,0.1453676,100.0,21,-0.047505785,1782499908.1024265
25.012,25.00911,0.24444437,0.29116678,97.0,22,-0.05015889,1782499908.2026684
25.008,25.005812,0.15711294,0.29112023,97.0,22,-0.050103597,1782499908.2026684
25.000002,24.998209,0.06982044,0.2910271,100.0,22,-0.0500483,1782499908.2026684
25.000004,24.994959,0.24867086,0.43631017,56.0,23,-0.049389947,1782499908.2026684
25.004002,25.00007,0.078542024,0.43637997,59.0,23,-0.049279355,1782499908.2026684
25.032001,25.023945,0.25332382,0.58232296,89.0,24,-0.0486454,1782499908.2026684
25.016,25.00868,0.1658663,0.5819507,85.0,24,-0.0485901,1782499908.2026684
25.024,25.017105,0.07859382,0.58213687,89.0,24,-0.048534807,1782499908.2026684
25.012001,25.005232,-0.0,0.5818577,85.0,24,-0.048479512,1782499908.2026684
25.016003,25.014162,0.2663237,0.14539084,93.0,21,-0.047859922,1782499908.2026684
25.008003,25.00694,0.17894919,0.14534435,100.0,21,-0.047804628,1782499908.2026684
25.008003,25.007412,0.091657445,0.14534435,93.0,21,-0.047727905,1782499908.2026684
25.000002,24.999578,0.004363173,0.14529786,96.0,21,-0.04767261,1782499908.2026684
25.004002,25.001238,0.23127638,0.29107368,99.0,22,-0.050398197,1782499908.3032987
24.996,24.99389,0.14395154,0.29098052,95.0,22,-0.0503429,1782499908.3032987
24.996,24.994242,0.056723066,0.29098052,99.0,22,-0.050287604,1782499908.3032987
25.000004,24.995087,0.23558418,0.43631017,59.0,23,-0.049628537,1782499908.3032987
24.996002,24.991728,0.15266496,0.43624035,56.0,23,-0.049573243,1782499908.3032987
24.996,24.992119,0.06107019,0.43624035,56.0,23,-0.049517944,1782499908.3032987
25.020002,25.01208,0.24010612,0.58204377,89.0,24,-0.048882797,1782499908.3032987
25.012,25.004765,0.1527474,0.5818577,89.0,24,-0.0488275,1782499908.3032987
25.024,25.017143,0.06549487,0.58213687,93.0,24,-0.048772205,1782499908.3032987
25.008001,25.006384,0.24441625,0.14534435,89.0,21,-0.04810352,1782499908.3032987
25.008001,25.007086,0.15712617,0.14534435,100.0,21,-0.04804822,1782499908.3032987
25.012,25.011467,0.07421066,0.1453676,96.0,21,-0.047992926,1782499908.3032987
25.000002,24.997942,0.13526136,0.2910271,100.0,22,-0.05056405,1782499908.4030123
25.000004,24.995167,0.22685985,0.43631017,56.0,23,-0.049835622,1782499908.4030123
24.996002,24.99178,0.14395362,0.43624035,56.0,23,-0.049780324,1782499908.4030123
25.008003,25.00413,0.056735672,0.4364498,56.0,23,-0.04972578,1782499908.4030123
25.019999,25.012789,0.14843069,0.58204377,89.0,24,-0.049023412,1782499908.4030123
25.019999,25.013155,0.061118796,0.58204377,93.0,24,-0.048968114,1782499908.4030123
25.024002,25.022427,0.24020545,0.14543734,93.0,21,-0.04831874,1782499908.4030123
25.000002,24.999113,0.15271254,0.14529786,93.0,21,-0.048263445,1782499908.4030123
25.008001,25.007494,0.06546984,0.14534435,89.0,21,-0.048208147,1782499908.4030123
25.000002,24.997196,0.23561388,0.2910271,97.0,22,-0.05086342,1782499908.503221
25.000002,24.99784,0.15271203,0.2910271,100.0,22,-0.050808124,1782499908.503221
25.000002,24.998232,0.06108299,0.2910271,100.0,22,-0.050752826,1782499908.503221
25.008001,25.00304,0.24002317,0.4364498,59.0,23,-0.050084937,1782499908.503221
25.000002,24.996098,0.06980467,0.43631017,56.0,23,-0.049974345,1782499908.503221
25.016,25.008036,0.24443242,0.5819507,89.0,24,-0.04931941,1782499908.503221
25.019999,25.012735,0.15716176,0.58204377,93.0,24,-0.04926411,1782499908.503221
25.019999,25.013119,0.074215606,0.58204377,93.0,24,-0.049208816,1782499908.503221
25.012,25.01034,0.24882042,0.1453676,96.0,21,-0.048549667,1782499908.503221
25.008001,25.007057,0.16149074,0.14534435,89.0,21,-0.048494373,1782499908.503221
25.000002,24.997728,0.170151,0.2910271,97.0,22,-0.05103312,1782499908.603449
25.000004,24.99814,0.09162216,0.2910271,100.0,22,-0.050977826,1782499908.603449
25.008,25.006304,0.0043688184,0.29112023,100.0,22,-0.050922528,1782499908.603449
25.004002,24.998777,0.2661622,0.43637997,59.0,23,-0.0503097,1782499908.603449
24.996,24.991552,0.17883459,0.43624035,59.0,23,-0.050254405,1782499908.603449
25.000002,24.996042,0.087254204,0.43631017,56.0,23,-0.050199106,1782499908.603449
25.000004,24.996195,0.008731264,0.43631017,59.0,23,-0.05014381,1782499908.603449
25.012001,25.003767,0.27057737,0.5818577,85.0,24,-0.049543694,1782499908.603449
25.016,25.008558,0.18332563,0.5819507,93.0,24,-0.049488395,1782499908.603449
25.015999,25.009045,0.09602835,0.5819507,93.0,24,-0.0494331,1782499908.603449
25.012001,25.005228,0.013092711,0.5818577,93.0,24,-0.049377803,1782499908.603449
25.004002,25.002068,0.27492324,0.1453211,93.0,21,-0.04877562,1782499908.603449
25.004002,25.002874,0.18764795,0.1453211,96.0,21,-0.048720323,1782499908.603449
25.008001,25.007378,0.10038658,0.14534435,93.0,21,-0.048665028,1782499908.603449
25.008001,25.007576,0.013093893,0.14534435,96.0,21,-0.04860973,1782499908.603449
24.995998,24.994291,0.026176868,0.29098052,100.0,22,-0.05111197,1782499908.703639
24.996002,24.991354,0.20500398,0.43624035,59.0,23,-0.05045791,1782499908.703639
25.008,24.999472,0.29671365,0.58176464,85.0,24,-0.049735073,1782499908.703639
25.024002,25.016352,0.20958142,0.58213687,89.0,24,-0.04967978,1782499908.703639
25.02,25.012932,0.122237176,0.58204377,93.0,24,-0.04962448,1782499908.703639
25.016,25.014626,0.21829957,0.14539084,96.0,21,-0.048925057,1782499908.703639
25.012001,25.011236,0.13095969,0.1453676,100.0,21,-0.04886976,1782499908.703639
25.000002,24.997238,0.23123938,0.2910271,99.0,22,-0.05145853,1782499908.8039627
25.004002,25.001892,0.14399762,0.29107368,97.0,22,-0.051403232,1782499908.8039627
25.000002,24.998243,0.056732144,0.2910271,100.0,22,-0.051347937,1782499908.8039627
25.004005,24.999086,0.23562188,0.43637997,56.0,23,-0.05067385,1782499908.8039627
24.996,24.9917,0.15703848,0.43624035,56.0,23,-0.05061855,1782499908.8039627
25.024002,25.016077,0.2401445,0.58213687,93.0,24,-0.049908794,1782499908.8039627
25.019999,25.012762,0.15279625,0.58204377,93.0,24,-0.0498535,1782499908.8039627
25.019999,25.013144,0.0654844,0.58204377,89.0,24,-0.049798205,1782499908.8039627
25.004002,25.002298,0.25310472,0.1453211,93.0,21,-0.04913572,1782499908.8039627
25.016,25.015057,0.1615424,0.14539084,93.0,21,-0.049089752,1782499908.8039627
25.008,25.005499,0.20076536,0.29112023,95.0,22,-0.051632524,1782499908.904041
25.008001,25.00603,0.117836244,0.29112023,95.0,22,-0.051577225,1782499908.904041
25.004002,25.002289,0.030560631,0.29107368,100.0,22,-0.05152193,1782499908.904041
25.000002,24.995895,0.12216501,0.43631017,56.0,23,-0.05079231,1782499908.904041
24.996002,24.99217,0.03490005,0.43624035,59.0,23,-0.050737012,1782499908.904041
25.015999,25.008886,0.13094744,0.5819507,89.0,24,-0.050017003,1782499908.904041
25.019999,25.013199,0.039290696,0.58204377,93.0,24,-0.04996171,1782499908.904041
25.008001,25.00726,0.12657437,0.14534435,93.0,21,-0.049251076,1782499908.904041
25.008001,25.00755,0.039281867,0.14534435,89.0,21,-0.04919578,1782499908.904041
25.000002,24.996843,0.2705022,0.2910271,100.0,22,-0.05183055,1782499909.0042164
25.004002,25.001602,0.18764342,0.29107368,100.0,22,-0.05177525,1782499909.0042164
24.996,24.994122,0.09598148,0.29098052,100.0,22,-0.05173477,1782499909.0042164
25.004004,24.999994,0.1003574,0.43637997,56.0,23,-0.05094866,1782499909.0042164
25.012,25.003622,0.2836693,0.5818577,85.0,24,-0.05028204,1782499909.0042164
25.024002,25.016459,0.19648284,0.58213687,89.0,24,-0.050226744,1782499909.0042164
25.015999,25.009216,0.026189702,0.5819507,89.0,24,-0.05011615,1782499909.0042164
25.012001,25.011301,0.11786371,0.1453676,93.0,21,-0.049413152,1782499909.0042164
24.996,24.99289,0.26609722,0.29098052,99.0,22,-0.052011695,1782499909.104904
25.008001,25.004007,0.09600966,0.4364498,59.0,23,-0.051132157,1782499909.104904
25.004002,25.00019,0.013095754,0.43637997,56.0,23,-0.051076658,1782499909.104904
25.019999,25.013027,0.10040926,0.58204377,89.0,24,-0.050365232,1782499909.104904
25.008,25.001228,0.013090617,0.58176464,93.0,24,-0.050309934,1782499909.104904
25.008,25.00734,0.10911572,0.14534435,93.0,21,-0.049610034,1782499909.104904
25.000002,24.997698,0.17452548,0.2910271,100.0,22,-0.052117042,1782499909.2047315
25.004002,25.002123,0.096012205,0.29107368,99.0,22,-0.052061744,1782499909.2047315
24.991999,24.990305,0.004366023,0.29093397,100.0,22,-0.05200645,1782499909.2047315
24.996,24.99149,0.18756957,0.43624035,59.0,23,-0.05134452,1782499909.2047315
24.996002,24.991993,0.10032528,0.43624035,56.0,23,-0.051289223,1782499909.2047315
25.02,25.012459,0.19645143,0.58204377,89.0,24,-0.05057732,1782499909.2047315
25.016003,25.008993,0.109123014,0.5819507,93.0,24,-0.050522026,1782499909.2047315
25.02,25.01322,0.021828149,0.58204377,89.0,24,-0.05046673,1782499909.2047315
25.012001,25.00992,0.28810632,0.1453676,93.0,21,-0.04984881,1782499909.2047315
25.015999,25.01532,0.11351678,0.14539084,93.0,21,-0.049737774,1782499909.2047315
25.004002,25.003567,0.0261836,0.1453211,93.0,21,-0.04968248,1782499909.2047315
25.008,25.005632,0.18329753,0.29112023,95.0,22,-0.052283168,1782499909.3048825
25.004,25.002306,0.00436812,0.29107368,95.0,22,-0.052172575,1782499909.3048825
25.000004,24.994684,0.27484378,0.43631017,56.0,23,-0.05156976,1782499909.3048825
25.004004,24.99949,0.18762961,0.43637997,59.0,23,-0.05151446,1782499909.3048825
24.991999,24.988842,0.27041563,0.29093397,100.0,22,-0.052503128,1782499909.405303
25.000002,24.997635,0.18323891,0.2910271,95.0,22,-0.05244783,1782499909.405303
25.004002,25.00214,0.091636814,0.29107368,100.0,22,-0.05238351,1782499909.405303
25.0,24.998304,0.008729814,0.2910271,97.0,22,-0.05232821,1782499909.405303
24.992002,24.988192,0.013089469,0.43617055,59.0,23,-0.051553547,1782499909.405303
25.015999,25.00762,0.28371465,0.5819507,100.0,24,-0.05096177,1782499909.405303
25.012001,25.004461,0.19638862,0.5818577,93.0,24,-0.050906476,1782499909.405303
25.008001,25.00732,0.11348048,0.14534435,93.0,21,-0.0500905,1782499909.405303
24.995998,24.993633,0.18320958,0.29098052,95.0,22,-0.052617054,1782499909.5053892
25.012,25.01012,0.096042916,0.29116678,100.0,22,-0.05256176,1782499909.5053892
25.023998,25.022303,0.008738194,0.2913065,92.0,22,-0.052506465,1782499909.5053892
25.012001,25.008188,0.013099944,0.4365196,59.0,23,-0.051726587,1782499909.5053892
25.016,25.007719,0.2749853,0.5819507,100.0,24,-0.051125243,1782499909.5053892
25.004002,25.002773,0.20073956,0.1453211,93.0,21,-0.05030739,1782499909.5053892
25.008001,25.005665,0.1789453,0.29112023,99.0,22,-0.052789383,1782499909.6056921
25.000002,24.995523,0.18323734,0.43631017,59.0,23,-0.05200971,1782499909.6056921
25.004004,25.000195,0.008732661,0.43637997,59.0,23,-0.051899116,1782499909.6056921
25.024002,25.016525,0.18775043,0.58213687,89.0,24,-0.05124227,1782499909.6056921
25.024,25.017027,0.10042532,0.58213687,89.0,24,-0.051186975,1782499909.6056921
25.012001,25.00997,0.28374135,0.1453676,89.0,21,-0.05051996,1782499909.6056921
25.015999,25.014807,0.19646974,0.14539084,89.0,21,-0.050464664,1782499909.6056921
25.004,25.00334,0.10909827,0.1453211,93.0,21,-0.050408445,1782499909.6056921
25.000002,24.99957,0.021816237,0.14529786,93.0,21,-0.05035315,1782499909.6056921
25.004002,25.00089,0.2661824,0.29107368,100.0,22,-0.05300651,1782499909.7058506
25.004002,25.00001,0.09599431,0.43637997,59.0,23,-0.052121017,1782499909.7058506
25.019999,25.013226,0.013096899,0.58204377,89.0,24,-0.05129876,1782499909.7058506
25.004,25.001112,0.24436621,0.29107368,99.0,22,-0.053207416,1782499909.8058727
25.000002,24.997814,0.1570627,0.2910271,97.0,22,-0.053152118,1782499909.8058727
25.004004,24.998959,0.24871065,0.43637997,56.0,23,-0.05241967,1782499909.8058727
25.008001,25.003641,0.16582935,0.4364498,56.0,23,-0.05236437,1782499909.8058727
25.008001,25.004068,0.078554586,0.4364498,59.0,23,-0.052309077,1782499909.8058727
25.004,24.995863,0.2617657,0.5816716,89.0,24,-0.05166296,1782499909.8058727
25.024,25.01665,0.17028555,0.58213687,96.0,24,-0.051607665,1782499909.8058727
25.019999,25.013075,0.087312505,0.58204377,93.0,24,-0.05155237,1782499909.8058727
25.015999,25.00923,-0.0,0.5819507,89.0,24,-0.051497072,1782499909.8058727
25.012003,25.010162,0.26628113,0.1453676,93.0,21,-0.050902516,1782499909.8058727
25.012003,25.01094,0.17897782,0.1453676,100.0,21,-0.05084722,1782499909.8058727
25.020002,25.019411,0.091701426,0.14541408,100.0,21,-0.050791927,1782499909.8058727
25.012001,25.011578,0.004365267,0.1453676,100.0,21,-0.05073663,1782499909.8058727
25.000002,24.99807,0.10908495,0.2910271,100.0,22,-0.053269606,1782499909.9064586
25.008001,25.006296,0.021825088,0.29112023,95.0,22,-0.05321431,1782499909.9064586
25.004004,24.999424,0.19635557,0.43637997,56.0,23,-0.052549522,1782499909.9064586
25.004002,24.999937,0.11344654,0.43637997,56.0,23,-0.052494228,1782499909.9064586
24.996,24.99218,0.026176702,0.43624035,59.0,23,-0.05243893,1782499909.9064586
25.019999,25.01157,0.28812537,0.58204377,100.0,24,-0.05183762,1782499909.9064586
25.020002,25.012424,0.20081693,0.58204377,89.0,24,-0.051782325,1782499909.9064586
25.012001,25.004955,0.117833935,0.5818577,89.0,24,-0.051719192,1782499909.9064586
25.019999,25.01321,0.030559445,0.58204377,93.0,24,-0.051663898,1782499909.9064586
25.000004,24.998703,0.20943342,0.14529786,100.0,21,-0.050996166,1782499909.9064586
25.008001,25.00728,0.1222098,0.14534435,93.0,21,-0.050940868,1782499909.9064586
25.004002,25.003555,0.03491153,0.1453211,93.0,21,-0.050885573,1782499909.9064586
25.000002,24.996597,0.29231492,0.2910271,100.0,22,-0.053609252,1782499910.006098
25.004002,25.001467,0.20509672,0.29107368,100.0,22,-0.053553954,1782499910.006098
25.004002,25.002031,0.11781741,0.29107368,100.0,22,-0.05349866,1782499910.006098
24.991999,24.990288,0.030545963,0.29093397,99.0,22,-0.053443365,1782499910.006098
25.004002,24.998434,0.29671377,0.43637997,63.0,23,-0.05282052,1782499910.006098
25.000004,24.99532,0.20941098,0.43631017,63.0,23,-0.052765224,1782499910.006098
24.995998,24.991894,0.12214545,0.43624035,63.0,23,-0.052709926,1782499910.006098
25.000004,24.996172,0.03490564,0.43631017,59.0,23,-0.05265463,1782499910.006098
25.020002,25.012316,0.21391337,0.58204377,89.0,24,-0.052009467,1782499910.006098
25.020002,25.01291,0.12660283,0.58204377,89.0,24,-0.051954173,1782499910.006098
25.004002,25.00355,0.039275587,0.1453211,96.0,21,-0.051138673,1782499910.006098
24.996,24.993465,0.20503108,0.29098052,97.0,22,-0.053796325,1782499910.106839
25.000002,24.99829,0.030555744,0.2910271,100.0,22,-0.053686004,1782499910.106839
25.004005,24.99932,0.20944448,0.43637997,56.0,23,-0.05300834,1782499910.106839
25.004002,24.999895,0.12218456,0.43637997,56.0,23,-0.052953046,1782499910.106839
25.015999,25.007467,0.29680857,0.5819507,100.0,24,-0.05229596,1782499910.106839
25.012001,25.004318,0.21384497,0.5818577,89.0,24,-0.052240666,1782499910.106839
25.015999,25.0092,0.03928441,0.5819507,89.0,24,-0.052130073,1782499910.106839
25.008001,25.006588,0.22259414,0.14534435,89.0,21,-0.05148046,1782499910.106839
25.000002,24.998087,0.10471045,0.2910271,97.0,22,-0.05394123,1782499910.2064788
25.004002,24.998535,0.28797626,0.43637997,59.0,23,-0.05328264,1782499910.2064788
24.992002,24.987356,0.20497118,0.43617055,59.0,23,-0.053227346,1782499910.2064788
25.000002,24.995937,0.11342839,0.43631017,59.0,23,-0.053172052,1782499910.2064788
25.02,25.012388,0.2051824,0.58204377,93.0,24,-0.05246015,1782499910.2064788
25.012001,25.009817,0.29683658,0.1453676,96.0,21,-0.051736675,1782499910.2064788
25.012001,25.010702,0.20953394,0.1453676,96.0,21,-0.05168138,1782499910.2064788
25.000002,24.99928,0.12217071,0.14529786,96.0,21,-0.051626083,1782499910.2064788
25.000002,24.997536,0.19632684,0.2910271,100.0,22,-0.054233447,1782499910.3067183
24.996,24.994297,0.021814615,0.29098052,99.0,22,-0.054122858,1782499910.3067183
25.000002,24.994585,0.28358,0.43631017,59.0,23,-0.053510502,1782499910.3067183
24.992002,24.988182,0.026172515,0.43617055,56.0,23,-0.053344615,1782499910.3067183
25.016,25.008389,0.20514959,0.5819507,93.0,24,-0.05269826,1782499910.3067183
25.024002,25.016953,0.11789047,0.58213687,93.0,24,-0.052642964,1782499910.3067183
25.008001,25.007555,0.034917112,0.14534435,93.0,21,-0.051810298,1782499910.3067183
25.003998,25.001534,0.19635825,0.29107368,99.0,22,-0.054427896,1782499910.4069543
25.000002,24.998299,0.021818107,0.2910271,100.0,22,-0.05431686,1782499910.4069543
25.000004,24.99539,0.20068645,0.43631017,59.0,23,-0.053654455,1782499910.4069543
25.028002,25.02095,0.117909305,0.5822299,93.0,24,-0.052849844,1782499910.4069543
25.012001,25.009499,0.20079747,0.29116678,100.0,22,-0.054669347,1782499910.5070848
25.004002,24.998486,0.292339,0.43637997,56.0,23,-0.053937577,1782499910.5070848
25.019999,25.012352,0.2095479,0.58204377,93.0,24,-0.053118423,1782499910.5070848
25.012001,25.010664,0.21389921,0.1453676,96.0,21,-0.05237065,1782499910.5070848
25.004,25.000597,0.2923617,0.29107368,100.0,22,-0.054957032,1782499910.6072729
25.004002,25.00143,0.2094721,0.29107368,99.0,22,-0.054901734,1782499910.6072729
25.012001,25.01028,0.03492334,0.29116678,100.0,22,-0.054791145,1782499910.6072729
25.004002,24.999874,0.12653568,0.43637997,59.0,23,-0.054067243,1782499910.6072729
24.992002,24.988157,0.043616466,0.43617055,59.0,23,-0.05401195,1782499910.6072729
25.02,25.01224,0.22264431,0.58204377,93.0,24,-0.05334628,1782499910.6072729
25.024,25.017199,0.039296977,0.58213687,93.0,24,-0.053235687,1782499910.6072729
25.008003,25.007215,0.13530351,0.14534435,89.0,21,-0.052521244,1782499910.6072729
25.000002,24.997278,0.22687699,0.2910271,97.0,22,-0.055112872,1782499910.707474
25.004005,24.999756,0.1483627,0.43637997,59.0,23,-0.054282468,1782499910.707474
25.004002,25.000109,0.06545284,0.43637997,59.0,23,-0.054227173,1782499910.707474
25.016,25.00812,0.23570296,0.5819507,89.0,24,-0.05356079,1782499910.707474
25.015999,25.00913,0.06983883,0.5819507,85.0,24,-0.053450197,1782499910.707474
25.015999,25.014383,0.24449442,0.14539084,100.0,21,-0.052791525,1782499910.707474
25.004,25.003468,0.07418693,0.1453211,89.0,21,-0.052680932,1782499910.707474
25.008003,25.00273,0.27058017,0.4364498,59.0,23,-0.05459253,1782499910.8079627
25.008001,25.004189,0.013097849,0.4364498,59.0,23,-0.05442644,1782499910.8079627
25.000002,24.997892,0.14397459,0.2910271,97.0,22,-0.055435352,1782499910.9078927
25.004002,25.002243,0.056741223,0.29107368,100.0,22,-0.055380054,1782499910.9078927
25.004004,24.999043,0.2399848,0.43637997,59.0,23,-0.05472075,1782499910.9078927
24.996,24.992107,0.065431885,0.43624035,56.0,23,-0.054610156,1782499910.9078927
25.012,25.005133,0.06982767,0.5818577,93.0,24,-0.053853925,1782499910.9078927
25.012001,25.010384,0.24445534,0.1453676,96.0,21,-0.053176895,1782499910.9078927
25.008,25.007467,0.0741988,0.14534435,100.0,21,-0.053054176,1782499910.9078927
25.004002,25.000648,0.28801033,0.29107368,100.0,22,-0.05570897,1782499911.0083728
25.000002,24.997501,0.20070115,0.2910271,99.0,22,-0.055653673,1782499911.0083728
25.008001,25.006048,0.11348401,0.29112023,100.0,22,-0.05559838,1782499911.0083728
25.008003,25.003916,0.117840305,0.4364498,56.0,23,-0.054829672,1782499911.0083728
25.019999,25.011467,0.29685602,0.58204377,100.0,24,-0.054173067,1782499911.0083728
25.012003,25.010628,0.21826467,0.1453676,100.0,21,-0.05334326,1782499911.0083728
25.012,25.01154,0.043653417,0.1453676,100.0,21,-0.053232666,1782499911.0083728
25.008,25.005194,0.23568925,0.29112023,95.0,22,-0.055891514,1782499911.1084921
25.004002,25.001867,0.1483732,0.29107368,100.0,22,-0.05583622,1782499911.1084921
24.991999,24.99023,0.06106344,0.29093397,100.0,22,-0.05578092,1782499911.1084921
25.004002,24.9997,0.15708876,0.43637997,56.0,23,-0.055043705,1782499911.1084921
25.032003,25.02399,0.2489563,0.58232296,96.0,24,-0.05434086,1782499911.1084921
25.032,25.024675,0.16597238,0.58232296,93.0,24,-0.054285564,1782499911.1084921
25.012001,25.010208,0.26191604,0.1453676,89.0,21,-0.053580895,1782499911.1084921
25.012001,25.01097,0.17461218,0.1453676,93.0,21,-0.053525597,1782499911.1084921
25.008001,25.007427,0.08729287,0.14534435,96.0,21,-0.053470302,1782499911.1084921
25.012001,25.011578,-0.0,0.1453676,93.0,21,-0.053415008,1782499911.1084921
24.991999,24.988647,0.2878721,0.29093397,100.0,22,-0.056104355,1782499911.208688
25.004002,25.00205,0.11346587,0.29107368,100.0,22,-0.055993762,1782499911.208688
25.008001,25.006287,0.030565519,0.29112023,100.0,22,-0.055938464,1782499911.208688
25.004002,24.999353,0.2050696,0.43637997,56.0,23,-0.05527296,1782499911.208688
25.028,25.021196,0.039303258,0.5822299,89.0,24,-0.05438948,1782499911.208688
25.016,25.014664,0.21393342,0.14539084,93.0,21,-0.05373653,1782499911.208688
25.016,25.015549,0.039294433,0.14539084,100.0,21,-0.053625938,1782499911.208688
25.012001,25.006775,0.26624733,0.4365196,59.0,23,-0.055510357,1782499911.3090231
25.008001,25.003521,0.18329597,0.4364498,56.0,23,-0.055455063,1782499911.3090231
24.992002,24.988195,0.00872847,0.43617055,56.0,23,-0.05534447,1782499911.3090231
25.012001,25.005032,0.10037716,0.5818577,89.0,24,-0.054632805,1782499911.3090231
25.024,25.017225,0.013098992,0.58213687,89.0,24,-0.054577507,1782499911.3090231
25.012001,25.010807,0.19643833,0.1453676,93.0,21,-0.05391025,1782499911.3090231
25.008003,25.00757,0.021823218,0.14534435,100.0,21,-0.053799663,1782499911.3090231
25.000002,24.998222,0.06544576,0.2910271,100.0,22,-0.05634437,1782499911.4090552
25.000002,24.995,0.2443086,0.43631017,59.0,23,-0.055666707,1782499911.4090552
25.008001,25.003672,0.16147757,0.4364498,59.0,23,-0.055611413,1782499911.4090552
25.000004,24.996086,0.074167065,0.43631017,59.0,23,-0.05555612,1782499911.4090552
25.024004,25.015993,0.24887674,0.58213687,93.0,24,-0.05490833,1782499911.4090552
25.024,25.016706,0.1615531,0.58213687,93.0,24,-0.054853037,1782499911.4090552
25.019999,25.013105,0.07858125,0.58204377,96.0,24,-0.05479774,1782499911.4090552
25.008001,25.00697,0.17458425,0.14534435,93.0,21,-0.054079004,1782499911.4090552
25.008001,25.007578,-0.0,0.14534435,93.0,21,-0.05396841,1782499911.4090552
25.004002,25.000546,0.2967246,0.29107368,100.0,22,-0.05666038,1782499911.5091965
24.996,24.99185,0.13086876,0.43624035,56.0,23,-0.05576153,1782499911.5091965
25.000002,24.996164,0.039267987,0.43631017,56.0,23,-0.05570603,1782499911.5091965
25.024,25.016863,0.13535558,0.58213687,89.0,24,-0.055005573,1782499911.5091965
25.024,25.01719,0.043663323,0.58213687,89.0,24,-0.054950275,1782499911.5091965
25.016,25.01455,0.22703132,0.14539084,93.0,21,-0.054300662,1782499911.5091965
25.012001,25.011189,0.13969024,0.1453676,96.0,21,-0.054245368,1782499911.5091965
25.000002,24.997026,0.25305226,0.2910271,100.0,22,-0.056828413,1782499911.6092975
25.004002,25.001728,0.17017822,0.29107368,100.0,22,-0.05677312,1782499911.6092975
25.008001,25.006153,0.08728749,0.29112023,100.0,22,-0.05671782,1782499911.6092975
25.000002,24.995554,0.17886321,0.43631017,59.0,23,-0.055984624,1782499911.6092975
25.000004,24.996058,0.08289185,0.43631017,56.0,23,-0.055929326,1782499911.6092975
25.008001,25.004192,0.004370312,0.4364498,59.0,23,-0.05587403,1782499911.6092975
25.015999,25.007765,0.2706206,0.5819507,100.0,24,-0.055263422,1782499911.6092975
25.02,25.012558,0.18335494,0.58204377,93.0,24,-0.055208124,1782499911.6092975
25.019999,25.013227,0.00873125,0.58204377,89.0,24,-0.055097535,1782499911.6092975
25.008003,25.006117,0.27060282,0.14534435,100.0,21,-0.054493204,1782499911.6092975
25.008003,25.006908,0.18331358,0.14534435,93.0,21,-0.05443791,1782499911.6092975
25.016,25.015377,0.100418694,0.14539084,96.0,21,-0.054385267,1782499911.6092975
25.012001,25.011576,0.013095988,0.1453676,100.0,21,-0.054329973,1782499911.6092975
25.008001,25.002483,0.29238573,0.4364498,56.0,23,-0.05626945,1782499911.7094803
25.004004,25.000177,0.030548131,0.43637997,59.0,23,-0.05610356,1782499911.7094803
25.004002,25.002628,0.21819486,0.1453211,100.0,21,-0.054685317,1782499911.7094803
25.004002,25.001965,0.13090761,0.29107368,100.0,22,-0.057157535,1782499911.8099408
24.991999,24.99026,0.047979333,0.29093397,97.0,22,-0.057102237,1782499911.8099408
24.996002,24.991165,0.22682354,0.43624035,56.0,23,-0.05644174,1782499911.8099408
25.000002,24.995829,0.13525201,0.43631017,59.0,23,-0.056400545,1782499911.8099408
24.996002,24.99215,0.047985096,0.43624035,56.0,23,-0.056345247,1782499911.8099408
25.020002,25.012161,0.23137525,0.58204377,96.0,24,-0.055699848,1782499911.8099408
25.02,25.012815,0.1440651,0.58204377,89.0,24,-0.05564455,1782499911.8099408
25.012,25.010426,0.24009025,0.1453676,93.0,21,-0.05493082,1782499911.8099408
25.000002,24.998306,-0.004358481,0.2910271,97.0,22,-0.057259064,1782499911.9099092
25.008001,25.003613,0.17020497,0.4364498,59.0,23,-0.056595467,1782499911.9099092
24.996002,24.992027,0.09161381,0.43624035,59.0,23,-0.056540173,1782499911.9099092
25.000002,24.996195,0.0043689143,0.43631017,59.0,23,-0.056484878,1782499911.9099092
25.007998,24.999767,0.2705341,0.58176464,85.0,24,-0.05587379,1782499911.9099092
25.020002,25.01259,0.17898944,0.58204377,93.0,24,-0.055818494,1782499911.9099092
25.012001,25.00523,0.008728459,0.5818577,89.0,24,-0.055703405,1782499911.9099092
25.012001,25.010115,0.2706461,0.1453676,93.0,21,-0.05509976,1782499911.9099092
25.008001,25.006874,0.18767796,0.14534435,100.0,21,-0.055053793,1782499911.9099092
25.012001,25.011377,0.10040264,0.1453676,96.0,21,-0.0549985,1782499911.9099092
25.000002,24.997318,0.22252633,0.2910271,100.0,22,-0.057607293,1782499912.0102746
25.000002,24.99826,0.047994696,0.2910271,100.0,22,-0.0574967,1782499912.0102746
25.004002,25.00014,0.0523636,0.43637997,56.0,23,-0.056705344,1782499912.0102746
25.008003,25.00647,0.2356873,0.14534435,89.0,21,-0.0552573,1782499912.0102746
25.008001,25.00714,0.14839703,0.14534435,100.0,21,-0.055202004,1782499912.0102746
25.008001,25.002533,0.2880223,0.4364498,59.0,23,-0.057030924,1782499912.1105099
25.008,24.999573,0.28798717,0.58176464,85.0,24,-0.05624465,1782499912.1105099
25.004004,25.001871,0.29237786,0.1453211,100.0,21,-0.05549708,1782499912.1105099
25.004002,25.00328,0.12219025,0.1453211,100.0,21,-0.05538649,1782499912.1105099
25.016,25.015554,0.03492828,0.14539084,100.0,21,-0.055331193,1782499912.1105099
25.004002,25.001156,0.24000293,0.29107368,95.0,22,-0.05799767,1782499912.21066
25.004002,25.00184,0.15273647,0.29107368,99.0,22,-0.05794237,1782499912.21066
25.008001,25.002998,0.24438678,0.4364498,56.0,23,-0.057227533,1782499912.21066
25.004004,25.000086,0.07417893,0.43637997,59.0,23,-0.05711694,1782499912.21066
25.024,25.015947,0.25324285,0.58213687,96.0,24,-0.056453183,1782499912.21066
25.019999,25.01323,-0.0,0.58204377,89.0,24,-0.056263722,1782499912.21066
25.016003,25.015411,0.09168676,0.14539084,93.0,21,-0.055572167,1782499912.21066
25.012001,25.01158,-0.0043654535,0.1453676,100.0,21,-0.05551687,1782499912.21066
24.995998,24.992697,0.28354436,0.29098052,99.0,22,-0.05819954,1782499912.310802
24.995998,24.993534,0.19629541,0.29098052,97.0,22,-0.058144245,1782499912.310802
25.028,25.021208,0.030569216,0.5822299,89.0,24,-0.056480344,1782499912.310802
25.000006,24.997358,0.21815164,0.2910271,100.0,22,-0.058396902,1782499912.410967
25.000002,24.997917,0.13962393,0.2910271,99.0,22,-0.058341604,1782499912.410967
25.004002,25.00226,0.048002373,0.29107368,100.0,22,-0.05828631,1782499912.410967
25.008003,25.003164,0.22693244,0.4364498,59.0,23,-0.057603877,1782499912.410967
25.004002,24.999804,0.13962477,0.43637997,59.0,23,-0.057548583,1782499912.410967
25.024,25.01616,0.23141223,0.58213687,93.0,24,-0.05683668,1782499912.410967
25.024002,25.016815,0.14408813,0.58213687,93.0,24,-0.05678138,1782499912.410967
25.016003,25.01447,0.23576269,0.14539084,93.0,21,-0.05605478,1782499912.410967
25.004002,25.00107,0.2487414,0.29107368,99.0,22,-0.058582764,1782499912.511154
25.000002,24.997759,0.16580014,0.2910271,99.0,22,-0.05852747,1782499912.511154
25.008001,25.006195,0.07419501,0.29112023,100.0,22,-0.058472175,1782499912.511154
25.004002,24.998913,0.2530736,0.43637997,59.0,23,-0.05781001,1782499912.511154
25.004002,24.999584,0.17454076,0.43637997,59.0,23,-0.05775471,1782499912.511154
25.004002,25.000195,-5.4482794e-06,0.43637997,59.0,23,-0.057642005,1782499912.511154
25.012001,25.003815,0.2662134,0.5818577,100.0,24,-0.057049993,1782499912.511154
25.02,25.013092,0.0829469,0.58204377,89.0,24,-0.0569394,1782499912.511154
25.023998,25.017227,0.0043663466,0.58213687,89.0,24,-0.056884106,1782499912.511154
25.016003,25.01494,0.17900644,0.14539084,93.0,21,-0.0562364,1782499912.511154
25.004,25.003576,0.008727929,0.1453211,96.0,21,-0.05612581,1782499912.511154
24.992,24.988699,0.283499,0.29093397,100.0,22,-0.058820877,1782499912.6113806
25.007998,25.005531,0.19638965,0.29112023,97.0,22,-0.058765583,1782499912.6113806
25.008001,25.003387,0.20075066,0.4364498,56.0,23,-0.05799926,1782499912.6113806
25.007998,24.999521,0.2923504,0.58176464,85.0,24,-0.05726614,1782499912.6113806
24.996,24.99422,0.065435275,0.29098052,100.0,22,-0.058875456,1782499912.7116077
24.996,24.991041,0.23990798,0.43624035,56.0,23,-0.058207333,1782499912.7116077
24.992002,24.98773,0.15264054,0.43617055,56.0,23,-0.058152035,1782499912.7116077
25.004004,25.000097,0.06981584,0.43637997,59.0,23,-0.05809674,1782499912.7116077
25.02,25.012035,0.2444715,0.58204377,89.0,24,-0.05742845,1782499912.7116077
25.015999,25.009119,0.07420374,0.5819507,93.0,24,-0.057317857,1782499912.7116077
25.016003,25.014297,0.25322616,0.14539084,89.0,21,-0.0566537,1782499912.7116077
25.004004,25.00303,0.16582896,0.1453211,93.0,21,-0.056598406,1782499912.7116077
25.008001,25.007456,0.07856336,0.14534435,96.0,21,-0.056543108,1782499912.7116077
25.004004,25.002108,0.10037548,0.29107368,99.0,22,-0.059088502,1782499912.8116992
24.991999,24.990303,0.008727019,0.29093397,100.0,22,-0.05904254,1782499912.8116992
25.008001,25.002682,0.27493173,0.4364498,59.0,23,-0.058429673,1782499912.8116992
24.996002,24.991957,0.10904854,0.43624035,56.0,23,-0.058318876,1782499912.8116992
25.019999,25.012972,0.113506064,0.58204377,89.0,24,-0.057553586,1782499912.8116992
25.019999,25.013216,0.02619389,0.58204377,85.0,24,-0.05749829,1782499912.8116992
25.015999,25.014736,0.20520186,0.14539084,89.0,21,-0.056839377,1782499912.8116992
25.000002,24.994434,0.2966663,0.43631017,56.0,23,-0.058642514,1782499912.9118638
25.015999,25.008278,0.21824397,0.5819507,89.0,24,-0.05781072,1782499912.9118638
25.004002,25.00326,0.12655413,0.1453211,100.0,21,-0.05698977,1782499912.9118638
25.012001,25.011549,0.039288152,0.1453676,100.0,21,-0.056934472,1782499912.9118638
24.996,24.992546,0.29662964,0.29098052,100.0,22,-0.059651,1782499913.0120459
25.000002,24.99743,0.20943859,0.2910271,100.0,22,-0.059595704,1782499913.0120459
24.996,24.994268,0.043636866,0.29098052,95.0,22,-0.05948511,1782499913.0120459
24.996,24.991241,0.2180886,0.43624035,59.0,23,-0.058816984,1782499913.0120459
25.000002,24.995874,0.12651545,0.43631017,59.0,23,-0.05876169,1782499913.0120459
25.000006,24.996151,0.04799278,0.43631017,56.0,23,-0.05870639,1782499913.0120459
25.024,25.016886,0.13098933,0.58213687,93.0,24,-0.05798972,1782499913.0120459
25.015999,25.009192,0.043649364,0.5819507,85.0,24,-0.057934426,1782499913.0120459
25.012001,25.01055,0.22699502,0.1453676,100.0,21,-0.05725954,1782499913.0120459
25.008003,25.007534,0.04801119,0.14534435,100.0,21,-0.05714895,1782499913.0120459
25.004002,25.001392,0.21382347,0.29107368,100.0,22,-0.059772033,1782499913.112172
25.004,25.001986,0.12655607,0.29107368,100.0,22,-0.059716735,1782499913.112172
25.000002,24.998278,0.039269168,0.2910271,100.0,22,-0.059679355,1782499913.112172
25.000002,24.995243,0.21812353,0.43631017,56.0,23,-0.059011705,1782499913.112172
25.004002,25.000156,0.043637414,0.43637997,59.0,23,-0.058901113,1782499913.112172
25.024,25.01624,0.22267991,0.58213687,93.0,24,-0.058226384,1782499913.112172
25.016003,25.008865,0.13531229,0.5819507,100.0,24,-0.05817109,1782499913.112172
25.019999,25.013174,0.052387547,0.58204377,89.0,24,-0.058115795,1782499913.112172
25.008001,25.006508,0.23132291,0.14534435,100.0,21,-0.05745569,1782499913.112172
25.012003,25.011166,0.14405587,0.1453676,100.0,21,-0.057400394,1782499913.112172
25.016,25.015514,0.05675867,0.14539084,93.0,21,-0.0573451,1782499913.112172
24.991999,24.989866,0.14830197,0.29093397,100.0,22,-0.059970107,1782499913.212486
25.000004,24.99573,0.1526894,0.43631017,59.0,23,-0.059205454,1782499913.212486
25.004002,25.00012,0.061089743,0.43637997,59.0,23,-0.05915016,1782499913.212486
25.015999,25.008707,0.16150144,0.5819507,89.0,24,-0.058441356,1782499913.212486
25.008001,25.006342,0.24878062,0.14534435,93.0,21,-0.05772289,1782499913.212486
25.012001,25.011057,0.16151656,0.1453676,96.0,21,-0.057667594,1782499913.212486
25.015999,25.015467,0.07422253,0.14539084,96.0,21,-0.057612296,1782499913.212486
25.000002,24.996937,0.26178917,0.2910271,100.0,22,-0.060267806,1782499913.3129025
25.004002,25.001667,0.1789167,0.29107368,97.0,22,-0.060212508,1782499913.3129025
24.995996,24.994303,0.008728416,0.29098052,99.0,22,-0.06010192,1782499913.3129025
25.024002,25.016993,0.10915791,0.58213687,85.0,24,-0.058612727,1782499913.3129025
25.012001,25.005222,0.02182117,0.5818577,89.0,24,-0.05855743,1782499913.3129025
25.004005,25.001358,0.21818656,0.29107368,99.0,22,-0.06038979,1782499913.4129946
25.004002,24.999205,0.22253321,0.43637997,59.0,23,-0.059634946,1782499913.4129946
24.992,24.987804,0.13955776,0.43617055,59.0,23,-0.05957965,1782499913.4129946
25.016003,25.008162,0.23133825,0.5819507,96.0,24,-0.058896597,1782499913.4129946
25.019999,25.013165,0.056753196,0.58204377,93.0,24,-0.058786005,1782499913.4129946
25.012001,25.01148,0.06984539,0.1453676,93.0,21,-0.058008634,1782499913.4129946
24.996,24.992794,0.27483273,0.29098052,100.0,22,-0.06063625,1782499913.5132086
25.004002,25.002304,0.013094487,0.29107368,97.0,22,-0.06047036,1782499913.5132086
25.008001,25.002583,0.28367072,0.4364498,56.0,23,-0.05986659,1782499913.5132086
25.004005,24.999958,0.10908345,0.43637997,59.0,23,-0.059755996,1782499913.5132086
25.012001,25.004427,0.20075274,0.5818577,93.0,24,-0.05902553,1782499913.5132086
25.012001,25.004974,0.11346977,0.5818577,89.0,24,-0.058970235,1782499913.5132086
25.008003,25.00587,0.29242465,0.14534435,96.0,21,-0.058332544,1782499913.5132086
25.016,25.01556,0.03056213,0.14539084,100.0,21,-0.058166653,1782499913.5132086
24.996,24.993841,0.1526876,0.29098052,100.0,22,-0.060750894,1782499913.6134102
25.008003,25.004084,0.074190795,0.4364498,59.0,23,-0.059907578,1782499913.6134102
25.028,25.019945,0.25328332,0.5822299,85.0,24,-0.05925145,1782499913.6134102
25.008001,25.007,0.17021987,0.14534435,100.0,21,-0.05842689,1782499913.6134102
25.008001,25.00744,0.08292812,0.14534435,89.0,21,-0.058381163,1782499913.6134102
25.008001,25.00594,0.13530463,0.29112023,97.0,22,-0.060904145,1782499913.713537
24.996002,24.99213,0.056708444,0.43624035,56.0,23,-0.060060117,1782499913.713537
25.020002,25.01212,0.23574066,0.58204377,89.0,24,-0.059406847,1782499913.713537
25.016,25.014425,0.24012865,0.14539084,93.0,21,-0.058641396,1782499913.713537
25.012001,25.011112,0.15278584,0.1453676,93.0,21,-0.058586102,1782499913.713537
25.004002,25.003494,0.06545937,0.1453211,93.0,21,-0.058530804,1782499913.713537
25.000002,24.998283,0.03490659,0.2910271,100.0,22,-0.061066475,1782499913.8138719
25.004004,24.99928,0.21380734,0.43637997,59.0,23,-0.060398348,1782499913.8138719
25.015999,25.014587,0.22266535,0.14539084,100.0,21,-0.058863074,1782499913.8138719
25.016,25.015213,0.13534679,0.14539084,89.0,21,-0.05880778,1782499913.8138719
25.000006,24.996187,0.021818452,0.43631017,59.0,23,-0.06041999,1782499913.9141922
25.019999,25.01162,0.28376,0.58204377,100.0,24,-0.059821542,1782499913.9141922
25.004002,25.002739,0.20510343,0.1453211,89.0,21,-0.059010845,1782499913.9141922
25.016,25.0153,0.11788256,0.14539084,93.0,21,-0.058955546,1782499913.9141922
25.012001,25.01156,0.030557243,0.1453676,96.0,21,-0.058900252,1782499913.9141922
25.004002,24.999727,0.15271384,0.43637997,59.0,23,-0.06068789,1782499914.0142486
25.024,25.016762,0.15282068,0.58213687,89.0,24,-0.05992999,1782499914.0142486
25.015999,25.009144,0.06547393,0.5819507,89.0,24,-0.05987469,1782499914.0142486
25.015999,25.01434,0.24886021,0.14539084,89.0,21,-0.05921435,1782499914.0142486
25.004002,25.00306,0.1614649,0.1453211,96.0,21,-0.059159055,1782499914.0142486
25.016,25.00757,0.2880793,0.5819507,85.0,24,-0.060205992,1782499914.1143947
25.028,25.02097,0.113542356,0.5822299,89.0,24,-0.0600954,1782499914.1143947
25.004002,25.001278,0.22691329,0.29107368,97.0,22,-0.06191085,1782499914.2145863
25.016003,25.00808,0.24006772,0.5819507,89.0,24,-0.060348514,1782499914.2145863
25.004004,24.998684,0.27488777,0.43637997,56.0,23,-0.0613495,1782499914.3145714
25.028002,25.020456,0.19651423,0.5822299,89.0,24,-0.060517468,1782499914.3145714
25.012001,25.00939,0.21389186,0.29116678,99.0,22,-0.062302213,1782499914.4147992
24.996,24.994276,0.03926288,0.29098052,97.0,22,-0.06219162,1782499914.4147992
24.996,24.992155,0.043623447,0.43624035,56.0,23,-0.06140599,1782499914.4147992
25.028002,25.020237,0.2227155,0.5822299,85.0,24,-0.06073436,1782499914.4147992
25.028,25.020836,0.13974416,0.5822299,89.0,24,-0.060679067,1782499914.4147992
25.036001,25.029179,0.048052654,0.582416,85.0,24,-0.06062377,1782499914.4147992
25.015999,25.014507,0.23139691,0.14539084,89.0,21,-0.059964143,1782499914.4147992
25.008001,25.007515,0.05674052,0.14534435,100.0,21,-0.05985355,1782499914.4147992
25.008,25.00511,0.24440528,0.29112023,100.0,22,-0.06251693,1782499914.515313
25.004,25.002209,0.06983161,0.29107368,97.0,22,-0.062406335,1782499914.515313
25.008001,25.002954,0.24875042,0.4364498,59.0,23,-0.0617754,1782499914.515313
25.004002,24.999643,0.16580284,0.43637997,59.0,23,-0.061721094,1782499914.515313
24.996,24.99207,0.078516886,0.43624035,56.0,23,-0.061665796,1782499914.515313
25.028,25.021227,-0.0043669976,0.5822299,93.0,24,-0.060823515,1782499914.515313
25.004002,25.000698,0.28363514,0.29107368,100.0,22,-0.062725954,1782499914.6153965
24.992002,24.989502,0.20063691,0.29093397,97.0,22,-0.062670656,1782499914.6153965
24.995998,24.994085,0.10469369,0.29098052,100.0,22,-0.06261536,1782499914.6153965
25.016003,25.008953,0.11785277,0.5819507,89.0,24,-0.061074212,1782499914.6153965
25.024004,25.021818,0.296979,0.14543734,93.0,21,-0.060415063,1782499914.6153965
25.000002,24.997868,0.14834946,0.2910271,95.0,22,-0.06284274,1782499914.7155836
24.995998,24.99423,0.061073214,0.29098052,99.0,22,-0.06278745,1782499914.7155836
25.000002,24.995043,0.2399464,0.43631017,59.0,23,-0.06211932,1782499914.7155836
25.019999,25.012707,0.16152726,0.58204377,93.0,24,-0.06128824,1782499914.7155836
25.012001,25.010298,0.2531857,0.1453676,100.0,21,-0.060574513,1782499914.7155836
25.008003,25.00703,0.1658555,0.14534435,93.0,21,-0.060519215,1782499914.7155836
25.012001,25.011456,0.07857593,0.1453676,93.0,21,-0.06046392,1782499914.7155836
25.012003,25.006483,0.2924325,0.4365196,56.0,23,-0.06235481,1782499914.8157792
25.016003,25.015259,0.12661485,0.14539084,96.0,21,-0.060704656,1782499914.8157792
25.000002,24.99707,0.24870162,0.2910271,100.0,22,-0.063283645,1782499914.9157653
25.000004,24.998186,0.078533866,0.2910271,100.0,22,-0.063173056,1782499914.9157653
25.004002,24.998823,0.26179925,0.43637997,56.0,23,-0.062510654,1782499914.9157653
25.000002,24.995615,0.17015053,0.43631017,59.0,23,-0.062455356,1782499914.9157653
25.008001,25.00404,0.08728212,0.4364498,59.0,23,-0.062400058,1782499914.9157653
25.000002,24.996195,-5.4474076e-06,0.43631017,59.0,23,-0.062343843,1782499914.9157653
25.015999,25.00865,0.1702311,0.5819507,85.0,24,-0.061691288,1782499914.9157653
25.012001,25.005064,0.09164879,0.5818577,89.0,24,-0.061635993,1782499914.9157653
25.015999,25.009228,0.00436495,0.5819507,89.0,24,-0.061580695,1782499914.9157653
25.008001,25.007395,0.09602201,0.14534435,96.0,21,-0.060879603,1782499914.9157653
25.012,25.011576,0.008730721,0.1453676,93.0,21,-0.060824305,1782499914.9157653
25.008001,25.005354,0.21822144,0.29112023,95.0,22,-0.0634462,1782499915.0160778
25.004002,25.00227,0.043650836,0.29107368,100.0,22,-0.063335605,1782499915.0160778
25.000002,24.995205,0.2224976,0.43631017,56.0,23,-0.062675826,1782499915.0160778
25.008001,25.004154,0.04364439,0.4364498,59.0,23,-0.06256523,1782499915.0160778
25.019999,25.0122,0.22700977,0.58204377,93.0,24,-0.061897896,1782499915.0160778
25.016,25.009184,0.04801427,0.5819507,89.0,24,-0.061787304,1782499915.0160778
25.012001,25.010508,0.23135991,0.1453676,96.0,21,-0.06112863,1782499915.0160778
25.008003,25.007166,0.14403284,0.14534435,96.0,21,-0.061073337,1782499915.0160778
25.012001,25.011515,0.056749593,0.1453676,93.0,21,-0.061028324,1782499915.0160778
25.004002,25.001026,0.25309277,0.29107368,100.0,22,-0.06369337,1782499915.1163454
25.008001,25.006184,0.07855899,0.29112023,99.0,22,-0.06358278,1782499915.1163454
25.000004,24.995586,0.17451283,0.43631017,56.0,23,-0.06285936,1782499915.1163454
25.004,24.995817,0.26612824,0.5816716,85.0,24,-0.062159374,1782499915.1163454
25.016003,25.00859,0.17896082,0.5819507,89.0,24,-0.062104076,1782499915.1163454
25.028,25.021059,0.091707416,0.5822299,89.0,24,-0.06204878,1782499915.1163454
25.019999,25.013227,0.004365648,0.58204377,89.0,24,-0.061993483,1782499915.1163454
25.012001,25.011395,0.09603737,0.1453676,96.0,21,-0.06127928,1782499915.1163454
25.008,25.007576,0.008729325,0.14534435,100.0,21,-0.06122398,1782499915.1163454
25.012003,25.004356,0.20948091,0.5818577,93.0,24,-0.06231358,1782499915.2166421
25.024002,25.016932,0.12225672,0.58213687,93.0,24,-0.06225828,1782499915.2166421
25.008,25.004543,0.29677203,0.29112023,100.0,22,-0.06412808,1782499915.31676
25.008003,25.004148,0.048008136,0.4364498,59.0,23,-0.06319229,1782499915.31676
25.024002,25.0162,0.22704607,0.58213687,89.0,24,-0.062525906,1782499915.31676
25.012001,25.005186,0.04800659,0.5818577,93.0,24,-0.062415317,1782499915.31676
24.996,24.993317,0.22249071,0.29098052,100.0,22,-0.06428133,1782499915.4167538
25.008,25.006258,0.04801005,0.29112023,100.0,22,-0.06417073,1782499915.4167538
25.012001,25.011505,0.06111486,0.1453676,100.0,21,-0.061867233,1782499915.4167538
24.991999,24.989916,0.13957924,0.29093397,100.0,22,-0.064443365,1782499915.516886
24.996,24.994251,0.052349266,0.29098052,99.0,22,-0.064388074,1782499915.516886
25.008003,25.003124,0.231296,0.4364498,59.0,23,-0.06372018,1782499915.516886
25.004004,24.99978,0.1439997,0.43637997,59.0,23,-0.06366349,1782499915.516886
25.004005,25.000132,0.0567266,0.43637997,56.0,23,-0.06360819,1782499915.516886
25.028,25.020115,0.23581603,0.5822299,93.0,24,-0.062962554,1782499915.516886
25.028,25.021152,0.06113834,0.5822299,93.0,24,-0.06285196,1782499915.516886
25.000002,24.997112,0.24432711,0.2910271,97.0,22,-0.064723186,1782499915.617144
25.004002,25.001814,0.15708783,0.29107368,100.0,22,-0.06466789,1782499915.617144
24.992002,24.98696,0.24859127,0.43617055,59.0,23,-0.063959725,1782499915.617144
25.000002,24.9957,0.15706362,0.43631017,59.0,23,-0.06390443,1782499915.617144
25.012001,25.011,0.1702471,0.1453676,100.0,21,-0.06236895,1782499915.617144
25.004002,25.00344,0.08291485,0.1453211,93.0,21,-0.062313657,1782499915.617144
25.004002,25.00358,-0.0043640574,0.1453211,89.0,21,-0.06225836,1782499915.617144
25.004002,25.001818,0.29674166,0.1453211,96.0,21,-0.0626361,1782499915.7176178
24.996,24.993813,0.15703756,0.29098052,97.0,22,-0.06509522,1782499915.817609
25.008,25.006207,0.06984278,0.29112023,100.0,22,-0.06504925,1782499915.817609
25.000002,24.995644,0.16577631,0.43631017,59.0,23,-0.06433465,1782499915.817609
25.019999,25.01265,0.17025833,0.58204377,89.0,24,-0.06355839,1782499915.817609
25.012003,25.011412,0.0916721,0.1453676,93.0,21,-0.062734075,1782499915.817609
25.004004,24.999918,0.11782146,0.43637997,56.0,23,-0.06443399,1782499915.917712
25.012001,25.005207,0.034913927,0.5818577,89.0,24,-0.06363466,1782499915.917712
25.024,25.017118,0.07422747,0.58213687,85.0,24,-0.06383125,1782499916.0179615
25.012003,25.01103,0.16588202,0.1453676,89.0,21,-0.06311919,1782499916.0179615
25.004002,25.002298,0.021821598,0.29107368,97.0,22,-0.06557357,1782499916.118107
25.016003,25.008425,0.20078482,0.5819507,85.0,24,-0.06412442,1782499916.118107
24.992,24.98994,0.13521805,0.29093397,100.0,22,-0.06583142,1782499916.218284
25.000002,24.999086,0.15707591,0.14529786,89.0,21,-0.06353821,1782499916.218284
24.995998,24.992842,0.2704589,0.29098052,100.0,22,-0.06609813,1782499916.3185031
25.000002,24.998123,0.09599684,0.2910271,100.0,22,-0.065987535,1782499916.3185031
25.008001,25.003489,0.18765962,0.4364498,59.0,23,-0.06527413,1782499916.3185031
25.012001,25.010773,0.20080379,0.1453676,89.0,21,-0.06374887,1782499916.3185031
25.011997,25.01023,0.061112307,0.29116678,99.0,22,-0.066154614,1782499916.4186816
25.008003,25.003084,0.23565955,0.4364498,59.0,23,-0.0654946,1782499916.4186816
25.012003,25.003996,0.24875739,0.5818577,93.0,24,-0.06472334,1782499916.4186816
25.008001,25.006298,0.2531452,0.14534435,100.0,21,-0.06394335,1782499916.4186816
25.004002,25.000181,0.026185082,0.43637997,59.0,23,-0.065563,1782499916.518839
25.028004,25.02728,0.12230754,0.14546059,100.0,21,-0.06407636,1782499916.518839
25.012001,25.009235,0.23135036,0.29116678,97.0,22,-0.06666107,1782499916.61902
24.992,24.990242,0.056713987,0.29093397,97.0,22,-0.06655048,1782499916.61902
24.996,24.991755,0.14831522,0.43624035,56.0,23,-0.06583659,1782499916.61902
24.992002,24.988098,0.069782324,0.43617055,56.0,23,-0.065781295,1782499916.61902
25.008001,25.006067,0.10911985,0.29112023,100.0,22,-0.066771664,1782499916.7192683
24.992002,24.987938,0.11339209,0.43617055,56.0,23,-0.06600272,1782499916.7192683
25.003998,24.995523,0.29230368,0.5816716,85.0,24,-0.06535159,1782499916.7192683
25.000002,24.997786,0.16143738,0.2910271,100.0,22,-0.06700476,1782499916.8194687
25.000002,24.998198,0.07417128,0.2910271,99.0,22,-0.06694947,1782499916.8194687
25.000002,24.994913,0.25303313,0.43631017,56.0,23,-0.066268705,1782499916.8194687
25.016,25.007904,0.25752658,0.5819507,96.0,24,-0.0654903,1782499916.8194687
25.020002,25.01262,0.17462389,0.58204377,89.0,24,-0.06543501,1782499916.8194687
25.015999,25.009077,0.08729854,0.5819507,89.0,24,-0.06537971,1782499916.8194687
25.024,25.01723,-0.0043663,0.58213687,96.0,24,-0.06532441,1782499916.8194687
25.008001,25.006163,0.26623854,0.14534435,93.0,21,-0.06472152,1782499916.8194687
25.000002,24.998253,0.052357648,0.2910271,95.0,22,-0.06714155,1782499916.9197602
25.000004,24.995127,0.23122202,0.43631017,59.0,23,-0.066467226,1782499916.9197602
25.024,25.016788,0.14845443,0.58213687,85.0,24,-0.065656446,1782499916.9197602
25.024,25.017155,0.06112857,0.58213687,89.0,24,-0.06560115,1782499916.9197602
25.004002,25.003113,0.15273698,0.1453211,100.0,21,-0.06488694,1782499916.9197602
25.016003,25.014702,0.20956746,0.14539084,100.0,21,-0.06506303,1782499917.019881
25.004,25.002232,0.061092764,0.29107368,100.0,22,-0.06749405,1782499917.1201184
25.02,25.011993,0.24883695,0.58204377,89.0,24,-0.066058725,1782499917.1201184
25.019999,25.01313,0.06985,0.58204377,85.0,24,-0.065948136,1782499917.1201184
25.004002,25.000164,0.03927427,0.43637997,59.0,23,-0.06708735,1782499917.3205438
25.024,25.016275,0.21831378,0.58213687,89.0,24,-0.06643289,1782499917.3205438
25.028,25.02086,0.1353772,0.5822299,89.0,24,-0.066377595,1782499917.3205438
25.016,25.015188,0.13971257,0.14539084,93.0,21,-0.06564126,1782499917.3205438
25.004,25.003523,0.052367385,0.1453211,100.0,21,-0.06558597,1782499917.3205438
25.004002,25.001917,0.13964628,0.29107368,100.0,22,-0.06816353,1782499917.4206405
25.008001,25.003725,0.15273824,0.4364498,56.0,23,-0.067375034,1782499917.4206405
25.004,25.002384,0.24437715,0.1453211,93.0,21,-0.06589029,1782499917.4206405
25.028,25.020733,0.157212,0.5822299,93.0,24,-0.0668469,1782499917.5208273
25.008,25.00623,0.06110253,0.29112023,100.0,22,-0.068530306,1782499917.621019
25.024,25.01713,0.06986117,0.58213687,93.0,24,-0.06700564,1782499917.621019
25.004004,25.001759,0.16582668,0.29107368,95.0,22,-0.06882919,1782499917.7212393
25.004004,25.002186,0.07854643,0.29107368,100.0,22,-0.0687739,1782499917.7212393
24.992002,24.98687,0.2573248,0.43617055,56.0,23,-0.06810577,1782499917.7212393
24.996,24.992193,0.004368215,0.43624035,59.0,23,-0.067939885,1782499917.7212393
25.012001,25.00386,0.26184943,0.5818577,85.0,24,-0.067338094,1782499917.7212393
25.016,25.009062,0.09166344,0.5819507,89.0,24,-0.067227505,1782499917.7212393
25.004002,25.002117,0.27055955,0.1453211,93.0,21,-0.06655333,1782499917.7212393
25.004002,25.00017,0.034911223,0.43637997,56.0,23,-0.068134606,1782499917.8214245
25.004002,24.995474,0.2966662,0.5816716,85.0,24,-0.06754307,1782499917.8214245
25.004,25.002306,4.4707613e-06,0.29107368,100.0,22,-0.06907822,1782499917.9215817
25.008001,25.002867,0.25748956,0.4364498,59.0,23,-0.06845944,1782499917.9215817
25.024,25.017227,0.008732647,0.58213687,89.0,24,-0.067529954,1782499917.9215817
25.008001,25.00624,0.056750294,0.29112023,99.0,22,-0.069305845,1782499918.0218167
25.012005,25.007084,0.23569725,0.4365196,59.0,23,-0.0686382,1782499918.0218167
25.008001,25.00748,0.069834225,0.14534435,100.0,21,-0.06700166,1782499918.0218167
25.012001,25.005213,0.030549675,0.5818577,85.0,24,-0.06793321,1782499918.122095
24.996002,24.991085,0.23554647,0.43624035,59.0,23,-0.06903048,1782499918.222236
25.000006,24.995756,0.14833897,0.43631017,59.0,23,-0.06898499,1782499918.222236
25.000002,24.99612,0.061079968,0.43631017,56.0,23,-0.068929695,1782499918.222236
25.004,24.995625,0.28357857,0.5816716,85.0,24,-0.06849662,1782499918.3226023
24.995998,24.993916,0.13960157,0.29098052,100.0,22,-0.07012214,1782499918.4227893
25.008001,25.004137,0.052371975,0.4364498,59.0,23,-0.0692979,1782499918.4227893
24.992,24.990297,0.021811124,0.29093397,100.0,22,-0.07025395,1782499918.522917
25.004002,25.001698,0.17455341,0.29107368,100.0,22,-0.070571885,1782499918.6231997
25.008,24.999815,0.2661708,0.58176464,85.0,24,-0.06907149,1782499918.6231997
25.024,25.017044,0.09605906,0.58213687,89.0,24,-0.068961404,1782499918.6231997
25.015999,25.014874,0.187738,0.14539084,100.0,21,-0.0682472,1782499918.6231997
25.012001,25.00704,0.24006157,0.4365196,56.0,23,-0.069992416,1782499918.7233772
24.992002,24.98811,0.06542142,0.43617055,59.0,23,-0.06988182,1782499918.7233772
25.024002,25.016035,0.2445106,0.58213687,81.0,24,-0.06923833,1782499918.7233772
24.991999,24.98943,0.20937157,0.29093397,100.0,22,-0.07089983,1782499918.8235388
25.016003,25.008911,0.12658258,0.5819507,89.0,24,-0.069315776,1782499918.8235388
25.004002,25.002588,0.22255854,0.1453211,100.0,21,-0.06859251,1782499918.8235388
24.996,24.991673,0.16140008,0.43624035,59.0,23,-0.07031465,1782499918.9236808
25.028002,25.019901,0.2576501,0.5822299,89.0,24,-0.069612525,1782499918.9236808
25.024002,25.01662,0.1746518,0.58213687,85.0,24,-0.06955723,1782499918.9236808
25.004002,25.003428,0.08727891,0.1453211,93.0,21,-0.068741255,1782499918.9236808
24.996,24.994068,0.109067485,0.29098052,100.0,22,-0.07127448,1782499919.0238004
25.000002,24.997393,0.21378925,0.2910271,100.0,22,-0.071523786,1782499919.1239283
25.012001,25.00484,0.13965483,0.5818577,85.0,24,-0.06993402,1782499919.1239283
25.004,25.002508,0.23128591,0.1453211,93.0,21,-0.069210984,1782499919.1239283
25.004004,25.003166,0.1440098,0.1453211,96.0,21,-0.06915569,1782499919.1239283
24.995998,24.993195,0.23557617,0.29098052,100.0,22,-0.071740404,1782499919.224368
25.012001,25.009865,0.14842066,0.29116678,100.0,22,-0.07168511,1782499919.224368
25.016,25.008736,0.15713662,0.5819507,89.0,24,-0.070146136,1782499919.224368
25.000004,24.995281,0.21377313,0.43631017,59.0,23,-0.07136902,1782499919.4246092
25.004005,25.00015,0.04800046,0.43637997,59.0,23,-0.07125843,1782499919.4246092
25.012001,25.004889,0.1309265,0.5818577,89.0,24,-0.07054009,1782499919.4246092
25.012001,25.005177,0.052370798,0.5818577,89.0,24,-0.070484795,1782499919.4246092
25.004002,25.003515,0.05673144,0.1453211,93.0,21,-0.069717914,1782499919.4246092
25.004002,25.001196,0.23565158,0.29107368,100.0,22,-0.07236699,1782499919.5247138
24.992002,24.987043,0.23986961,0.43617055,56.0,23,-0.07157924,1782499919.5247138
25.024,25.016735,0.15718688,0.58213687,89.0,24,-0.0707577,1782499919.5247138
25.016003,25.01503,0.16590855,0.14539084,100.0,21,-0.06999535,1782499919.5247138
25.0,24.991724,0.27480945,0.58157855,85.0,24,-0.07104178,1782499919.6248963
25.016,25.00846,0.19642001,0.5819507,85.0,24,-0.070992,1782499919.6248963
25.015999,25.009027,0.100393206,0.5819507,89.0,24,-0.0709367,1782499919.6248963
25.004002,25.00192,0.28801417,0.1453211,89.0,21,-0.07029138,1782499919.6248963
25.004002,25.002808,0.1963755,0.1453211,100.0,21,-0.07023609,1782499919.6248963
25.000002,24.998009,0.12217324,0.2910271,95.0,22,-0.07270353,1782499919.7251234
25.000002,24.99855,0.22688611,0.14529786,93.0,21,-0.07042672,1782499919.7251234
25.012,25.011522,0.052384138,0.1453676,96.0,21,-0.070336424,1782499919.7251234
25.004002,25.001785,0.16146322,0.29107368,100.0,22,-0.072918996,1782499919.8255324
25.024002,25.01668,0.16591935,0.58213687,89.0,24,-0.07135424,1782499919.8255324
25.000002,24.999441,0.08290159,0.14529786,89.0,21,-0.07053945,1782499919.8255324
25.008001,25.00758,-0.0043647555,0.14534435,100.0,21,-0.07048416,1782499919.8255324
25.02,25.012278,0.21827887,0.58204377,89.0,24,-0.07178203,1782499920.0258532
25.02,25.013184,0.048021946,0.58204377,89.0,24,-0.07167144,1782499920.0258532
25.028,25.020704,0.16157891,0.5822299,93.0,24,-0.07201038,1782499920.12602
25.008001,25.005465,0.20512952,0.29112023,99.0,22,-0.073739305,1782499920.2262187
25.008001,25.002432,0.2967612,0.4364498,59.0,23,-0.07302566,1782499920.2262187
25.019999,25.012886,0.13096838,0.58204377,85.0,24,-0.07214933,1782499920.2262187
25.016,25.015236,0.13098064,0.14539084,100.0,21,-0.071378164,1782499920.2262187
24.992,24.989758,0.16574708,0.29093397,95.0,22,-0.07390424,1782499920.3265193
25.008,25.006304,-0.0043598753,0.29112023,100.0,22,-0.07379365,1782499920.3265193
24.991999,24.988194,-0.0043544834,0.43617055,59.0,23,-0.07301517,1782499920.3265193
25.015999,25.009228,0.008729854,0.5819507,89.0,24,-0.072243236,1782499920.3265193
25.012001,25.010067,0.27501118,0.1453676,100.0,21,-0.07166322,1782499920.3265193
25.004002,25.002277,0.03927545,0.29107368,97.0,22,-0.0740382,1782499920.4265478
25.016,25.00824,0.22260872,0.5819507,89.0,24,-0.07261241,1782499920.4265478
25.008,25.005695,0.17458132,0.29112023,100.0,22,-0.07427987,1782499920.5266538
24.991999,24.990305,-0.004357086,0.29093397,100.0,22,-0.07416928,1782499920.5266538
25.008001,25.002775,0.26620474,0.4364498,59.0,23,-0.07355573,1782499920.5266538
24.996,24.991613,0.1701233,0.43624035,56.0,23,-0.07350043,1782499920.5266538
25.004004,25.000027,0.09164313,0.43637997,59.0,23,-0.07344514,1782499920.5266538
25.004,24.99577,0.27049083,0.5816716,85.0,24,-0.07279783,1782499920.5266538
25.008001,25.006067,0.2749672,0.14534435,93.0,21,-0.07201951,1782499920.5266538
25.012001,25.010874,0.18770798,0.1453676,96.0,21,-0.07196421,1782499920.5266538
25.000002,24.999577,0.013089705,0.14529786,100.0,21,-0.071853615,1782499920.5266538
25.004002,25.000982,0.25745586,0.29107368,99.0,22,-0.074740805,1782499920.7270753
25.000002,24.998169,0.08290855,0.2910271,97.0,22,-0.07463021,1782499920.7270753
25.000002,24.998306,0.004367421,0.2910271,97.0,22,-0.07457491,1782499920.7270753
25.000002,24.994823,0.26175734,0.43631017,56.0,23,-0.07396399,1782499920.7270753
25.019999,25.018064,0.27509913,0.14541408,93.0,21,-0.0724075,1782499920.7270753
25.000002,24.998875,0.18761793,0.14529786,100.0,21,-0.0723522,1782499920.7270753
25.004002,25.003378,0.10037053,0.1453211,89.0,21,-0.07231768,1782499920.7270753
25.012,25.00989,0.14404368,0.29116678,100.0,22,-0.074844,1782499920.827297
24.988,24.986242,0.05670491,0.2908874,97.0,22,-0.074788705,1782499920.827297
25.012,25.009068,0.24882098,0.29116678,99.0,22,-0.075472966,1782499921.12785
24.996,24.994196,0.07415941,0.29098052,100.0,22,-0.07536238,1782499921.12785
25.032001,25.023855,0.26205882,0.58232296,93.0,24,-0.073917516,1782499921.12785
25.008001,25.007578,0.004364569,0.14534435,96.0,21,-0.07299217,1782499921.12785
24.996,24.99403,0.1177797,0.29098052,99.0,22,-0.07557474,1782499921.228056
24.992,24.990282,0.034895416,0.29093397,100.0,22,-0.07551944,1782499921.228056
25.024,25.017183,0.048029624,0.58213687,85.0,24,-0.073974475,1782499921.228056
25.000004,24.999535,0.047995836,0.14529786,96.0,21,-0.07320473,1782499921.228056
25.008,25.005783,0.16148902,0.29112023,97.0,22,-0.075803995,1782499921.3282485
24.996,24.992056,0.08287858,0.43624035,56.0,23,-0.07498003,1782499921.3282485
25.012001,25.003906,0.2574854,0.5818577,85.0,24,-0.074323185,1782499921.3282485
25.008,25.00108,0.087270625,0.58176464,85.0,24,-0.07421259,1782499921.3282485
25.004004,25.002941,0.17892058,0.1453211,100.0,21,-0.07350673,1782499921.3282485
25.004,25.003578,0.004363871,0.1453211,93.0,21,-0.07339614,1782499921.3282485
24.996,24.993277,0.22684067,0.29098052,99.0,22,-0.07624422,1782499921.5287023
24.992,24.990252,0.052340887,0.29093397,100.0,22,-0.07613362,1782499921.5287023
25.004004,24.999126,0.23125902,0.43637997,56.0,23,-0.07546598,1782499921.5287023
25.000004,24.99578,0.14397666,0.43631017,59.0,23,-0.07541068,1782499921.5287023
25.000004,24.996132,0.056717526,0.43631017,56.0,23,-0.07535538,1782499921.5287023
25.008001,25.007113,0.15276141,0.14534435,89.0,21,-0.073855616,1782499921.5287023
25.004002,25.002155,0.08727354,0.29107368,97.0,22,-0.07634405,1782499921.628871
24.999998,24.99177,0.27044755,0.58157855,85.0,24,-0.07492068,1782499921.628871
25.012001,25.007935,0.11348283,0.4365196,59.0,23,-0.075795814,1782499921.7291615
25.008001,25.006268,0.043657813,0.29112023,100.0,22,-0.07673184,1782499921.829152
25.012001,25.005194,0.043642387,0.5818577,85.0,24,-0.075210236,1782499921.829152
25.007998,25.005983,0.1265763,0.29112023,100.0,22,-0.07701091,1782499921.9293826
25.012,25.010258,0.04801773,0.29116678,100.0,22,-0.07694491,1782499921.9293826
25.012001,25.004202,0.22693719,0.5818577,89.0,24,-0.07552103,1782499921.9293826
24.995996,24.993984,0.12651557,0.29098052,100.0,22,-0.0772359,1782499922.029575
25.008001,25.003826,0.13529529,0.4364498,59.0,23,-0.076457664,1782499922.029575
25.016,25.008816,0.14404206,0.5819507,89.0,24,-0.07569046,1782499922.029575
25.004002,25.001942,0.135283,0.29107368,99.0,22,-0.07744707,1782499922.129817
25.016,25.015112,0.15281028,0.14539084,100.0,21,-0.07514095,1782499922.129817
25.012001,25.008095,0.06983817,0.4365196,59.0,23,-0.07684878,1782499922.2299695
25.008003,25.006208,0.26187414,0.14534435,89.0,21,-0.075422674,1782499922.2299695
24.992002,24.986732,0.27040708,0.43617055,59.0,23,-0.077209614,1782499922.3302464
24.996,24.992008,0.09596358,0.43624035,59.0,23,-0.077099025,1782499922.3302464
25.02,25.012526,0.1877204,0.58204377,85.0,24,-0.07638736,1782499922.3302464
25.008,25.00539,0.21385765,0.29112023,99.0,22,-0.07810511,1782499922.4303775
24.996,24.991873,0.12649518,0.43624035,59.0,23,-0.07727086,1782499922.4303775
24.996,24.993757,0.1657736,0.29098052,97.0,22,-0.07827147,1782499922.5305016
25.008001,25.004055,0.082918376,0.4364498,59.0,23,-0.077438176,1782499922.5305016
25.028,25.020197,0.22708236,0.5822299,89.0,24,-0.07694412,1782499922.6307278
25.000004,24.999166,0.14398676,0.14529786,100.0,21,-0.07611884,1782499922.6307278
25.004002,25.000795,0.2749207,0.29107368,100.0,22,-0.078730024,1782499922.730863
24.992,24.990303,0.013088201,0.29093397,100.0,22,-0.07856413,1782499922.730863
24.992002,24.987425,0.19626133,0.43617055,56.0,23,-0.07788528,1782499922.730863
24.996,24.993113,0.24428801,0.29098052,100.0,22,-0.07889639,1782499922.8313892
24.991999,24.990208,0.06979809,0.29093397,99.0,22,-0.07878579,1782499922.8313892
24.996002,24.992085,0.07415519,0.43624035,59.0,23,-0.07800731,1782499922.8313892
25.012001,25.01144,0.08294138,0.1453676,96.0,21,-0.0764544,1782499922.8313892
25.000002,24.997467,0.20506391,0.2910271,100.0,22,-0.079027906,1782499922.9313557
25.024002,25.016315,0.21394758,0.58213687,93.0,24,-0.07748846,1782499922.9313557
25.000002,24.998156,0.087259576,0.2910271,100.0,22,-0.079174265,1782499923.0316234
24.996,24.990776,0.266077,0.43624035,56.0,23,-0.07849922,1782499923.0316234
25.016,25.01397,0.2837867,0.14539084,89.0,21,-0.076983295,1782499923.0316234
25.008001,25.00589,0.14402065,0.29112023,100.0,22,-0.07939426,1782499923.131816
24.995998,24.992596,0.29226813,0.29098052,99.0,22,-0.07966403,1782499923.231984
25.004002,25.002283,0.034912173,0.29107368,99.0,22,-0.07950795,1782499923.231984
24.992002,24.988165,0.03925542,0.43617055,56.0,23,-0.07872875,1782499923.231984
25.012001,25.005201,0.039278135,0.5818577,85.0,24,-0.07795082,1782499923.231984
25.024002,25.016558,0.18338427,0.58213687,89.0,24,-0.0782304,1782499923.332198
24.996,24.991203,0.22246198,0.43624035,56.0,23,-0.07921661,1782499923.4324045
25.004002,24.999851,0.13091065,0.43637997,59.0,23,-0.07916131,1782499923.4324045
25.008001,25.005068,0.24878117,0.29112023,99.0,22,-0.08022605,1782499923.532577
24.995998,24.993784,0.16141154,0.29098052,97.0,22,-0.08017075,1782499923.532577
24.992,24.988071,0.078504324,0.43617055,56.0,23,-0.079336256,1782499923.532577
25.024,25.015903,0.25760895,0.58213687,93.0,24,-0.07867083,1782499923.532577
25.024,25.017092,0.082960166,0.58213687,85.0,24,-0.07856024,1782499923.532577
25.008,25.001219,0.026181327,0.58176464,89.0,24,-0.07873757,1782499923.632755
25.008001,25.005962,0.13092855,0.29112023,100.0,22,-0.08053561,1782499923.73291
24.992002,24.98783,0.13520873,0.43617055,56.0,23,-0.07976572,1782499923.73291
25.000002,24.996983,0.25741467,0.2910271,100.0,22,-0.08082521,1782499923.8331525
25.004002,25.002169,0.08292181,0.29107368,100.0,22,-0.08071462,1782499923.8331525
25.008,25.006304,4.471476e-06,0.29112023,100.0,22,-0.08065932,1782499923.8331525
25.012001,25.006865,0.25753075,0.4365196,56.0,23,-0.08003552,1782499923.8331525
25.004002,24.999554,0.17889184,0.43637997,59.0,23,-0.079980224,1782499923.8331525
24.992,24.990269,0.04362988,0.29093397,100.0,22,-0.08087574,1782499923.933404
25.012001,25.004818,0.14401902,0.5818577,89.0,24,-0.07937534,1782499923.933404
25.008,25.001167,0.056725975,0.58176464,89.0,24,-0.07932004,1782499923.933404
24.991999,24.990305,4.468615e-06,0.29093397,95.0,22,-0.08120724,1782499924.1339407
25.000002,24.99487,0.2574072,0.43631017,56.0,23,-0.08060395,1782499924.1339407
25.004004,25.000057,0.08290512,0.43637997,59.0,23,-0.08049335,1782499924.1339407
25.004002,25.000195,0.0043696132,0.43637997,59.0,23,-0.08043806,1782499924.1339407
25.012001,25.00456,0.18329632,0.5818577,89.0,24,-0.07977239,1782499924.1339407
25.012001,25.010906,0.1833429,0.1453676,93.0,21,-0.07899335,1782499924.1339407
25.004002,25.003576,0.0130918,0.1453211,93.0,21,-0.078906156,1782499924.1339407
25.012001,25.004242,0.22257313,0.5818577,89.0,24,-0.079999775,1782499924.2341874
25.012003,25.004868,0.13529067,0.5818577,89.0,24,-0.07994448,1782499924.2341874
25.004005,25.003216,0.13528186,0.1453211,89.0,21,-0.07916305,1782499924.2341874
25.016003,25.015533,0.04802655,0.14539084,93.0,21,-0.07910776,1782499924.2341874
24.996002,24.990957,0.24863105,0.43624035,59.0,23,-0.081004575,1782499924.334237
25.012001,25.005232,-0.004364206,0.5818577,93.0,24,-0.08007677,1782499924.334237
25.012001,25.010067,0.109137304,0.29116678,99.0,22,-0.08187338,1782499924.4344103
24.996,24.991423,0.19629273,0.43624035,56.0,23,-0.081152104,1782499924.4344103
25.004002,24.995577,0.28794113,0.5816716,85.0,24,-0.0804309,1782499924.4344103
25.024,25.01721,0.030564332,0.58213687,89.0,24,-0.080254324,1782499924.4344103
25.008001,25.004162,0.039280552,0.4364498,59.0,23,-0.08126723,1782499924.5345216
25.000002,24.995804,0.13960244,0.43631017,59.0,23,-0.08153584,1782499924.634712
25.012001,25.005167,0.05673505,0.5818577,89.0,24,-0.080704525,1782499924.634712
25.004002,25.00314,0.14837329,0.1453211,93.0,21,-0.0799908,1782499924.634712
25.008001,25.007505,0.061105087,0.14534435,100.0,21,-0.0799355,1782499924.634712
25.028,25.020075,0.24018289,0.5822299,96.0,24,-0.08104056,1782499924.7350075
24.992,24.989155,0.23988773,0.29093397,100.0,22,-0.08281839,1782499924.83536
24.992002,24.989815,0.15701242,0.29093397,100.0,22,-0.08276309,1782499924.83536
25.008001,25.00622,0.065466695,0.29112023,100.0,22,-0.0827078,1782499924.83536
24.995998,24.994167,0.08289528,0.29098052,100.0,22,-0.08291491,1782499924.935438
24.996,24.990822,0.26171544,0.43624035,59.0,23,-0.08225561,1782499924.935438
25.000004,24.998032,0.11779856,0.2910271,100.0,22,-0.08314751,1782499925.035651
24.992002,24.988173,0.03489447,0.43617055,59.0,23,-0.08232351,1782499925.035651
25.012001,25.004711,0.16147561,0.5818577,89.0,24,-0.081836365,1782499925.1356795
25.008001,25.006252,0.2575096,0.14534435,93.0,21,-0.08113384,1782499925.1356795
24.995998,24.994007,0.122153684,0.29098052,100.0,22,-0.083532676,1782499925.235873
24.992002,24.98732,0.20934395,0.43617055,56.0,23,-0.0828195,1782499925.235873
24.992002,24.987852,0.13084783,0.43617055,56.0,23,-0.08276421,1782499925.235873
25.008,25.001202,0.03927185,0.58176464,89.0,24,-0.08195315,1782499925.235873
24.992002,24.987492,0.18753956,0.43617055,56.0,23,-0.08298202,1782499925.3360834
25.008003,25.004185,0.021825433,0.4364498,59.0,23,-0.08287122,1782499925.3360834
25.000002,24.99607,0.078529455,0.43631017,59.0,23,-0.08309691,1782499925.4362726
25.008,24.99986,0.26180756,0.58176464,89.0,24,-0.08244077,1782499925.4362726
25.024,25.01723,-0.0,0.58213687,89.0,24,-0.08228708,1782499925.4362726
25.004004,25.003412,0.09164278,0.1453211,93.0,21,-0.081571676,1782499925.4362726
24.996002,24.993357,0.21811673,0.29098052,99.0,22,-0.08414519,1782499925.5365698
24.991999,24.990168,0.08288201,0.29093397,100.0,22,-0.084238134,1782499925.6366704
24.996,24.99204,0.087240234,0.43624035,56.0,23,-0.08346919,1782499925.6366704
25.004,24.99723,0.013088523,0.5816716,89.0,24,-0.08264646,1782499925.6366704
25.012001,25.006432,0.2968087,0.4365196,56.0,23,-0.08380213,1782499925.736845
25.008001,25.003279,0.21384153,0.4364498,59.0,23,-0.083746836,1782499925.736845
25.004004,24.999674,0.16145176,0.43637997,59.0,23,-0.08392464,1782499925.8371217
25.016,25.008621,0.17459597,0.5819507,89.0,24,-0.083157204,1782499925.8371217
25.015999,25.00923,-0.0043649036,0.5819507,93.0,24,-0.083046615,1782499925.8371217
25.000006,24.999216,0.13526022,0.14529786,100.0,21,-0.082537614,1782499925.937226
24.996,24.991585,0.1744849,0.43624035,56.0,23,-0.08428569,1782499926.0374906
25.015999,25.007812,0.26625594,0.5819507,100.0,24,-0.08357335,1782499926.0374906
25.008001,25.003801,0.13964711,0.4364498,59.0,23,-0.08450665,1782499926.1376448
25.004004,25.00247,0.2356496,0.1453211,100.0,21,-0.08302644,1782499926.1376448
24.992002,24.989468,0.20499827,0.29093397,97.0,22,-0.085488915,1782499926.2378643
24.996002,24.991318,0.20937745,0.43624035,59.0,23,-0.08471115,1782499926.2378643
25.028,25.020313,0.21398176,0.5822299,93.0,24,-0.083944425,1782499926.2378643
25.008001,25.000914,0.1265421,0.58176464,89.0,24,-0.083889134,1782499926.2378643
24.995998,24.991642,0.16574977,0.43624035,59.0,23,-0.08501452,1782499926.438422
25.023998,25.017075,0.08732646,0.58213687,93.0,24,-0.08419182,1782499926.438422
25.000002,24.997965,0.13088667,0.2910271,97.0,22,-0.08597081,1782499926.5385995
25.000002,24.996157,0.043630432,0.43631017,59.0,23,-0.085129164,1782499926.5385995
25.008001,25.00028,0.21817419,0.58176464,93.0,24,-0.0844635,1782499926.5385995
25.008001,25.00655,0.22695872,0.14534435,89.0,21,-0.08369137,1782499926.5385995
25.015999,25.015522,0.052392516,0.14539084,96.0,21,-0.08356937,1782499926.5385995
25.012001,25.005108,0.07855613,0.5818577,89.0,24,-0.08457814,1782499926.6387637
25.004002,25.003,0.17019264,0.1453211,96.0,21,-0.08385535,1782499926.6387637
25.012001,25.009695,0.17460924,0.29116678,100.0,22,-0.086411,1782499926.7389467
24.987997,24.986305,4.4679e-06,0.2908874,100.0,22,-0.08630041,1782499926.7389467
25.000002,24.994778,0.2661196,0.43631017,59.0,23,-0.08569735,1782499926.7389467
25.028,25.026302,0.008739591,0.29135305,95.0,22,-0.0865111,1782499926.8392043
25.000002,24.996191,0.01309366,0.43631017,59.0,23,-0.08575337,1782499926.8392043
24.992002,24.987959,0.109031096,0.43617055,59.0,23,-0.08600815,1782499926.9392865
25.004,25.000935,0.26183105,0.29107368,100.0,22,-0.08732001,1782499927.1397521
24.996,24.993666,0.17885943,0.29098052,97.0,22,-0.08726471,1782499927.1397521
25.0,24.99934,0.109080814,0.14529786,96.0,21,-0.08491214,1782499927.1397521
25.004002,25.002197,0.07418315,0.29107368,100.0,22,-0.08744633,1782499927.239753
24.992,24.987644,0.16572325,0.43617055,56.0,23,-0.086732686,1782499927.239753
25.008,24.999907,0.2574442,0.58176464,85.0,24,-0.08603199,1782499927.239753
25.012001,25.009756,0.16587971,0.29116678,100.0,22,-0.08795326,1782499927.4401884
25.008001,25.004192,-5.4491506e-06,0.4364498,59.0,23,-0.08706801,1782499927.4401884
25.028,25.02109,0.08297342,0.5822299,93.0,24,-0.08635014,1782499927.4401884
25.012001,25.004738,0.15711151,0.5818577,93.0,24,-0.08681182,1782499927.6405628
25.004002,25.002342,0.24874084,0.1453211,96.0,21,-0.08609833,1782499927.6405628
25.000002,24.99955,0.039269302,0.14529786,100.0,21,-0.08616865,1782499927.7407498
24.996,24.993069,0.2486618,0.29098052,95.0,22,-0.088790774,1782499927.84098
25.008001,25.00291,0.25311407,0.4364498,59.0,23,-0.08799656,1782499927.84098
25.027998,25.021072,0.087340415,0.5822299,93.0,24,-0.0871171,1782499927.84098
25.040003,25.032154,0.2315602,0.58250904,89.0,24,-0.08743601,1782499927.9414482
25.024,25.017164,0.05676227,0.58213687,89.0,24,-0.087325424,1782499927.9414482
25.032001,25.024313,0.21401598,0.58232296,93.0,24,-0.087573774,1782499928.0415606
24.996002,24.991388,0.20065433,0.43624035,56.0,23,-0.08850611,1782499928.1418314
25.008001,25.003935,0.11346468,0.4364498,56.0,23,-0.08845081,1782499928.1418314
25.000002,24.99782,0.2966942,0.14529786,96.0,21,-0.087035194,1782499928.1418314
24.992002,24.98803,0.09159915,0.43617055,56.0,23,-0.08877877,1782499928.3422031
25.02,25.013062,0.091678105,0.58204377,93.0,24,-0.08821275,1782499928.442392
25.000002,24.996109,0.06544236,0.43631017,59.0,23,-0.08911099,1782499928.5426042
25.028002,25.01999,0.2489165,0.5822299,93.0,24,-0.08845844,1782499928.5426042
25.004002,25.003456,0.0785508,0.1453211,93.0,21,-0.08758696,1782499928.5426042
25.008001,25.005428,0.2095056,0.29112023,100.0,22,-0.09017907,1782499928.6427648
24.992,24.990276,0.0392566,0.29093397,100.0,22,-0.090068474,1782499928.6427648
25.011997,25.010303,0.004369517,0.29116678,100.0,22,-0.09021338,1782499928.7429519
25.028002,25.02099,0.10917536,0.5822299,93.0,24,-0.08872371,1782499928.7429519
25.024,25.01722,0.02183164,0.58213687,89.0,24,-0.08866842,1782499928.7429519
25.008001,25.005915,0.1396686,0.29112023,100.0,22,-0.09050246,1782499928.8432004
25.008,25.000738,0.15708637,0.58176464,93.0,24,-0.08897586,1782499928.8432004
25.012001,25.005157,0.061099257,0.5818577,96.0,24,-0.08892108,1782499928.8432004
25.000002,24.999481,0.06981189,0.14529786,89.0,21,-0.08816135,1782499928.8432004
24.987997,24.986305,-0.0043563885,0.2908874,100.0,22,-0.09060257,1782499928.9433544
25.032,25.024273,0.21838357,0.58232296,100.0,24,-0.09028573,1782499929.4443154
24.995998,24.991802,0.1395801,0.43624035,59.0,23,-0.09120666,1782499929.5445287
25.008001,25.005154,0.24004132,0.29112023,97.0,22,-0.09228543,1782499929.644745
25.008001,25.005756,0.16585319,0.29112023,95.0,22,-0.09241842,1782499929.7449615
25.004002,24.998869,0.25744838,0.43637997,56.0,23,-0.09169285,1782499929.7449615
25.008,25.00123,0.0087270625,0.58176464,93.0,24,-0.09074787,1782499929.7449615
25.004002,25.002909,0.18328427,0.1453211,100.0,21,-0.09009826,1782499929.7449615
25.004002,25.003395,0.096006654,0.1453211,89.0,21,-0.09004296,1782499929.7449615
24.992002,24.988178,0.030533468,0.43617055,59.0,23,-0.091753386,1782499929.8451607
24.996,24.993155,0.23992613,0.29098052,100.0,22,-0.09288367,1782499929.9453578
24.991999,24.990007,0.12213414,0.29093397,100.0,22,-0.09299256,1782499930.0455937
24.996,24.994106,0.100343354,0.29098052,100.0,22,-0.093320765,1782499930.2460096
25.008,24.999672,0.27926064,0.58176464,100.0,24,-0.09188686,1782499930.2460096
25.012003,25.00673,0.27062348,0.4365196,59.0,23,-0.09283044,1782499930.3461635
25.004002,25.000042,0.087268166,0.43637997,56.0,23,-0.093033716,1782499930.5464516
25.016003,25.014114,0.27068937,0.14539084,100.0,21,-0.091600925,1782499930.5464516
25.016003,25.011082,0.23573495,0.4365894,59.0,23,-0.09331019,1782499930.6465232
25.032001,25.024618,0.17470764,0.58232296,96.0,24,-0.092883594,1782499930.846762
25.016,25.009092,0.082933635,0.5819507,93.0,24,-0.092828296,1782499930.846762
24.988,24.986298,0.021807633,0.2908874,99.0,22,-0.09458084,1782499930.9469948
25.015999,25.0082,0.22697347,0.5819507,93.0,24,-0.09332402,1782499931.04713
25.008001,25.006426,0.24005187,0.14534435,96.0,21,-0.092554994,1782499931.04713
24.996002,24.991125,0.231185,0.43624035,56.0,23,-0.09454834,1782499931.2475662
24.992002,24.988132,0.056699373,0.43617055,59.0,23,-0.09443774,1782499931.2475662
25.015999,25.00879,0.14840695,0.5819507,89.0,24,-0.09372655,1782499931.2475662
25.0,24.99954,0.043632474,0.14529786,96.0,21,-0.09331885,1782499931.4479394
24.996,24.99394,0.1352397,0.29098052,100.0,22,-0.095929794,1782499931.5481417
25.015999,25.009155,0.061109025,0.5819507,93.0,24,-0.09431094,1782499931.5481417
25.016003,25.015505,0.061124634,0.14539084,89.0,21,-0.09356292,1782499931.5481417
25.016003,25.014067,0.27505517,0.14539084,93.0,21,-0.093890615,1782499931.6483657
25.028,25.020884,0.13101025,0.5822299,93.0,24,-0.09473518,1782499931.7485287
24.996,24.992981,0.25737345,0.29098052,100.0,22,-0.09657877,1782499931.8487504
25.004002,25.003086,0.15710104,0.1453211,100.0,21,-0.094361305,1782499931.9489434
25.004002,25.00348,0.06982306,0.1453211,100.0,21,-0.09430601,1782499931.9489434
24.992002,24.986685,0.27475584,0.43617055,59.0,23,-0.096222885,1782499932.049154
25.012001,25.003672,0.2793053,0.5818577,100.0,24,-0.095449485,1782499932.049154
25.000002,24.999321,0.11344417,0.14529786,93.0,21,-0.094570346,1782499932.049154
25.000002,24.998909,0.18325494,0.14529786,93.0,21,-0.09496786,1782499932.2495728
24.992004,24.987526,0.18317871,0.43617055,59.0,23,-0.09694667,1782499932.4499357
25.008001,25.006275,0.03928173,0.29112023,100.0,22,-0.09781905,1782499932.5501213
25.016003,25.01124,0.21826312,0.4365894,59.0,23,-0.09715427,1782499932.5501213
25.012001,25.007801,0.13966945,0.4365196,59.0,23,-0.09709897,1782499932.5501213
25.016,25.015139,0.1484445,0.14539084,100.0,21,-0.095546804,1782499932.5501213
24.996,24.993696,0.17449756,0.29098052,97.0,22,-0.09810054,1782499932.650276
24.992002,24.987782,0.14393058,0.43617055,59.0,23,-0.09750559,1782499932.7504818
24.992,24.98801,0.095948234,0.43617055,59.0,23,-0.09764069,1782499932.8507917
24.992,24.989277,0.22680438,0.29093397,100.0,22,-0.098719016,1782499932.9508429
25.012001,25.004791,0.14838323,0.5818577,93.0,24,-0.09711113,1782499932.9508429
25.028,25.02035,0.2096149,0.5822299,93.0,24,-0.09732993,1782499933.051057
25.008,24.999622,0.2836239,0.58176464,85.0,24,-0.097787045,1782499933.2514567
25.024004,25.01691,0.12662306,0.58213687,93.0,24,-0.09786521,1782499933.3516924
25.028,25.020676,0.16594586,0.5822299,93.0,24,-0.09809188,1782499933.4518414
25.028,25.021103,0.078606375,0.5822299,100.0,24,-0.09803658,1782499933.4518414
25.016,25.014969,0.1746401,0.14539084,93.0,21,-0.097311884,1782499933.4518414
25.012,25.009314,0.22263312,0.29116678,100.0,22,0.00012672,1782499933.5520234
25.012001,25.009811,0.15713808,0.29116678,100.0,22,-0.000260558,1782499933.7524652
25.012001,25.005047,0.096012995,0.5818577,100.0,24,-0.098994635,1782499933.9530797
25.004002,25.002703,0.20946693,0.1453211,100.0,21,-0.09859937,1782499934.0532439
25.015999,25.013783,0.16154069,0.29121333,99.0,22,-0.0010809039,1782499934.1534295
24.996,24.990911,0.2529926,0.43624035,56.0,23,-0.000357482,1782499934.1534295
24.992002,24.988043,0.08722628,0.43617055,59.0,23,-0.00024689,1782499934.1534295
25.028,25.020647,0.17031276,0.5822299,96.0,24,0.000456192,1782499934.1534295
25.024,25.017061,0.09169276,0.58213687,93.0,24,0.000511488,1782499934.1534295
25.011997,25.01029,0.026193622,0.29116678,100.0,22,-0.001175045,1782499934.2536194
24.996,24.993237,0.23120236,0.29098052,100.0,22,-0.0015132261,1782499934.3538778
25.008001,25.003752,0.14838643,0.4364498,59.0,23,-0.000696616,1782499934.3538778
25.015999,25.008762,0.15277182,0.5819507,93.0,24,6.912e-05,1782499934.3538778
25.012001,25.005121,0.074191876,0.5818577,100.0,24,0.000124416,1782499934.3538778
25.015999,25.013498,0.20082958,0.29121333,100.0,22,-0.001688889,1782499934.4540732
25.008,25.00629,0.026189435,0.29112023,99.0,22,-0.001578297,1782499934.4540732
24.995998,24.994305,0.004366722,0.29098052,97.0,22,-0.001744424,1782499934.5542226
24.996002,24.995565,0.02617522,0.1452746,100.0,21,0.000562176,1782499934.5542226
24.991999,24.989069,0.24862202,0.29093397,100.0,22,-0.0020938092,1782499934.654486
25.008001,25.003582,0.17456867,0.4364498,59.0,23,-0.001256728,1782499934.654486
25.004002,25.000193,-0.0043565747,0.43637997,59.0,23,-0.001146136,1782499934.654486
25.004002,24.99591,0.25740305,0.5816716,85.0,24,-0.00054840103,1782499934.654486
25.028,25.021227,-0.0,0.5822299,93.0,24,-0.000382513,1782499934.654486
25.008001,25.003698,0.15711387,0.4364498,59.0,23,-0.001430927,1782499934.7546475
25.000002,24.999,0.17016542,0.14529786,89.0,21,0.000119808,1782499934.7546475
24.992002,24.987757,0.1482915,0.43617055,59.0,23,-0.0015550919,1782499934.8545482
25.024002,25.016119,0.23577835,0.58213687,93.0,24,-0.00085296395,1782499934.8545482
25.024,25.017174,0.052395925,0.58213687,100.0,24,-0.00091875094,1782499934.9549553
25.011997,25.01015,0.087301455,0.29116678,99.0,22,-0.002851231,1782499935.1553402
25.004002,25.00197,0.2836506,0.1453211,89.0,21,-0.000644051,1782499935.1553402
24.995998,24.994207,0.069809265,0.29098052,97.0,22,-0.0030223639,1782499935.255598
25.012001,25.010252,0.25755078,0.1453676,93.0,21,-0.00080990605,1782499935.255598
25.016003,25.00795,0.25316188,0.5819507,93.0,24,-0.001988415,1782499935.456034
25.016,25.015,0.17027432,0.14539084,89.0,21,-0.001153365,1782499935.456034
24.992,24.989603,0.18755336,0.29093397,99.0,22,-0.0036844518,1782499935.556173
25.008001,25.003422,0.19638698,0.4364498,59.0,23,-0.00289715,1782499935.556173
25.008003,25.003956,0.10910089,0.4364498,59.0,23,-0.002841854,1782499935.556173
25.028002,25.020422,0.20088114,0.5822299,93.0,24,-0.002132097,1782499935.556173
24.992002,24.987206,0.2224264,0.43617055,56.0,23,-0.00312811,1782499935.6563485
25.000002,24.999031,0.16580243,0.14529786,93.0,21,-0.0019796721,1782499935.8565416
24.996,24.993866,0.14832571,0.29098052,100.0,22,-0.004504323,1782499935.9569607
25.008001,25.00625,0.052374396,0.29112023,100.0,22,-0.0046737534,1782499936.0571911
25.012001,25.005146,0.06546346,0.5818577,100.0,24,-0.003157194,1782499936.0571911
25.004004,25.003534,0.048003513,0.1453211,100.0,21,-0.002587895,1782499936.1571443
25.024,25.016838,0.13972183,0.58213687,93.0,24,-0.004071888,1782499936.4576783
