calculated_range,x,y,z,intensity,ring,time,timestamp,cloud_index
25.008001,24.968098,1.4046763,0.14534435,41.0,21,-0.09859269,1782505828.274231,0
25.004002,24.968855,1.3173021,0.1453211,37.0,21,-0.09853739,1782505828.274231,0
24.996,24.965094,1.2341,0.1452746,37.0,21,-0.098482095,1782505828.274231,0
24.992,24.965254,1.1467644,0.14525135,35.0,21,-0.0984268,1782505828.274231,0
24.991999,24.969103,1.0596125,0.14525135,89.0,21,-0.098371506,1782505828.274231,0
24.984,24.942865,1.40326,0.29084083,68.0,22,-0.00092431495,1782505828.274231,0
25.000002,24.96336,1.3213891,0.2910271,60.0,22,-0.00086901896,1782505828.274231,0
25.000002,24.968035,1.2298907,0.2910271,59.0,22,-0.000813723,1782505828.274231,0
25.000004,24.971977,1.1470801,0.2910271,60.0,22,-0.000758427,1782505828.274231,0
24.995998,24.972013,1.0553701,0.29098052,61.0,22,-0.000703131,1782505828.274231,0
25.004002,24.959986,1.4173232,0.43637997,73.0,23,-0.000145834,1782505828.274231,0
24.996,24.95679,1.3297793,0.43624035,73.0,23,-9.0538e-05,1782505828.274231,0
25.000004,24.965712,1.234134,0.43631017,73.0,23,-3.5242003e-05,1782505828.274231,0
24.992,24.961472,1.1553309,0.43617055,73.0,23,2.0736e-05,1782505828.274231,0
24.988,24.961357,1.0680145,0.43610072,59.0,23,7.6032e-05,1782505828.274231,0
24.996,24.95513,1.4214244,0.1452746,39.0,21,-0.09882627,1782505828.3733547,1
25.000002,24.963934,1.3345197,0.14529786,34.0,21,-0.098770976,1782505828.3733547,1
25.004002,24.972435,1.247571,0.1453211,36.0,21,-0.09871568,1782505828.3733547,1
24.996,24.968645,1.1600218,0.1452746,35.0,21,-0.09866038,1782505828.3733547,1
24.992,24.968359,1.0770439,0.14525135,100.0,21,-0.09860509,1782505828.3733547,1
24.987999,24.945124,1.4339719,0.2908874,68.0,22,-0.0011466909,1782505828.3733547,1
25.004002,24.965956,1.3477442,0.29107368,61.0,22,-0.001091395,1782505828.3733547,1
25.0,24.966291,1.2647375,0.2910271,61.0,22,-0.0010360989,1782505828.3733547,1
24.995998,24.966763,1.1730407,0.29098052,64.0,22,-0.000980803,1782505828.3733547,1
24.996002,24.970327,1.0946044,0.29098052,63.0,22,-0.00092550693,1782505828.3733547,1
25.000004,24.959381,1.3561289,0.43631017,73.0,23,-0.000312199,1782505828.3733547,1
24.995998,24.959965,1.2687862,0.43624035,77.0,23,-0.000256903,1782505828.3733547,1
24.992002,24.960455,1.1771123,0.43617055,77.0,23,-0.000201607,1782505828.3733547,1
24.996002,24.968025,1.0988714,0.43624035,77.0,23,-0.00014631101,1782505828.3733547,1
25.008,24.970272,1.3654549,0.14534435,36.0,21,-0.09888102,1782505828.4725673,2
24.996,24.962902,1.2776704,0.1452746,37.0,21,-0.09882572,1782505828.4725673,2
25.000002,24.971207,1.1907165,0.14529786,37.0,21,-0.09885868,1782505828.4725673,2
25.000002,24.97521,1.1035434,0.14529786,36.0,21,-0.09880338,1782505828.4725673,2
25.000002,24.959572,1.3910908,0.2910271,62.0,22,-0.001329745,1782505828.4725673,2
25.0,24.964275,1.3039503,0.2910271,61.0,22,-0.001274449,1782505828.4725673,2
25.000002,24.96825,1.2255213,0.2910271,62.0,22,-0.0012191529,1782505828.4725673,2
24.996,24.968378,1.1381695,0.29098052,61.0,22,-0.001163857,1782505828.4725673,2
24.992002,24.968204,1.0508555,0.29093397,63.0,22,-0.001108561,1782505828.4725673,2
25.004002,24.961212,1.3955543,0.43637997,77.0,23,-0.00055507896,1782505828.4725673,2
24.996,24.957485,1.3167126,0.43624035,73.0,23,-0.00049978297,1782505828.4725673,2
25.000002,24.966139,1.22542,0.43631017,77.0,23,-0.00044448697,1782505828.4725673,2
24.996,24.966068,1.1424444,0.43624035,77.0,23,-0.00038919097,1782505828.4725673,2
24.988003,24.961914,1.0549452,0.43610072,49.0,23,-0.00033389498,1782505828.4725673,2
25.004002,24.963858,1.4088086,0.1453211,34.0,21,-0.09913129,1782505828.572177,3
25.0,24.964628,1.3214486,0.14529786,36.0,21,-0.099075995,1782505828.572177,3
25.004004,24.972654,1.2432122,0.1453211,34.0,21,-0.0990207,1782505828.572177,3
25.0,24.972843,1.155849,0.14529786,36.0,21,-0.09896541,1782505828.572177,3
24.991999,24.968733,1.0683284,0.14525135,100.0,21,-0.09891011,1782505828.572177,3
25.0,24.961014,1.3649539,0.2910271,62.0,22,-0.001489639,1782505828.572177,3
25.000002,24.965628,1.277809,0.2910271,61.0,22,-0.0014343432,1782505828.572177,3
25.000002,24.969728,1.1950178,0.2910271,62.0,22,-0.001379047,1782505828.572177,3
25.000002,24.973747,1.1078551,0.2910271,61.0,22,-0.001317347,1782505828.572177,3
25.000004,24.958189,1.3778963,0.43631017,73.0,23,-0.000704483,1782505828.572177,3
24.995998,24.959297,1.2818543,0.43624035,70.0,23,-0.000646597,1782505828.572177,3
24.984003,24.951637,1.1941541,0.43603092,73.0,23,-0.000591301,1782505828.572177,3
24.988003,24.95965,1.1072199,0.43610072,73.0,23,-0.000536005,1782505828.572177,3
25.000002,24.961567,1.378088,0.14529786,37.0,21,-0.09928407,1782505828.6728942,4
25.000002,24.966,1.2953049,0.14529786,35.0,21,-0.09922877,1782505828.6728942,4
25.004002,24.974365,1.2083428,0.1453211,35.0,21,-0.09917348,1782505828.6728942,4
25.004002,24.97843,1.1211585,0.1453211,37.0,21,-0.09911818,1782505828.6728942,4
24.996,24.954107,1.4169993,0.29098052,68.0,22,-0.0016886499,1782505828.6728942,4
25.000004,24.962898,1.3300909,0.2910271,60.0,22,-0.001633354,1782505828.6728942,4
25.000004,24.967388,1.242963,0.2910271,61.0,22,-0.0015780579,1782505828.6728942,4
25.000002,24.971575,1.1557963,0.2910271,60.0,22,-0.0015227619,1782505828.6728942,4
24.995998,24.971272,1.0728024,0.29098052,61.0,22,-0.0014674659,1782505828.6728942,4
25.000004,24.955746,1.4214636,0.43631017,77.0,23,-0.00091923005,1782505828.6728942,4
24.996002,24.95656,1.3341349,0.43624035,77.0,23,-0.00086393405,1782505828.6728942,4
24.996,24.961063,1.2470055,0.43624035,80.0,23,-0.00080863805,1782505828.6728942,4
25.000004,24.969263,1.1600465,0.43631017,77.0,23,-0.00075334206,1782505828.6728942,4
25.000004,24.972973,1.0772442,0.43631017,66.0,23,-0.00069804606,1782505828.6728942,4
25.004002,24.96262,1.4305931,0.1453211,34.0,21,0.000617472,1782505828.6728942,4
25.000002,24.963469,1.3432337,0.14529786,37.0,21,-0.0994614,1782505828.7730806,5
24.996,24.964006,1.255886,0.1452746,37.0,21,-0.0994061,1782505828.7730806,5
25.000002,24.972237,1.1689245,0.14529786,36.0,21,-0.09935081,1782505828.7730806,5
25.000002,24.976164,1.0817481,0.14529786,35.0,21,-0.09929551,1782505828.7730806,5
25.000002,24.960777,1.369298,0.2910271,62.0,22,-0.0018745661,1782505828.7730806,5
25.004002,24.969398,1.2823828,0.29107368,62.0,22,-0.00181927,1782505828.7730806,5
25.000002,24.969309,1.2037451,0.2910271,62.0,22,-0.0017639741,1782505828.7730806,5
24.995998,24.969555,1.1120237,0.29098052,62.0,22,-0.001708678,1782505828.7730806,5
24.995998,24.958847,1.290578,0.43624035,73.0,23,-0.001034113,1782505828.7730806,5
24.996,24.962992,1.2077976,0.43624035,73.0,23,-0.000978817,1782505828.7730806,5
24.992002,24.963257,1.1161225,0.43617055,73.0,23,-0.000923521,1782505828.7730806,5
25.008,24.96907,1.3872449,0.14534435,37.0,21,0.000451584,1782505828.7730806,5
25.000002,24.965319,1.3083769,0.14529786,35.0,21,0.00050688,1782505828.7730806,5
24.992,24.961742,1.2208328,0.14525135,37.0,21,0.000562176,1782505828.7730806,5
24.992,24.96605,1.1293352,0.14525135,37.0,21,0.000617472,1782505828.7730806,5
24.988,24.965658,1.0463711,0.1452281,50.0,21,-0.09945949,1782505828.8733158,6
24.983997,24.94113,1.4337424,0.29084083,68.0,22,-0.002075213,1782505828.8733158,6
25.004002,24.965485,1.3564464,0.29107368,61.0,22,-0.002019917,1782505828.8733158,6
25.000002,24.966515,1.2603803,0.2910271,60.0,22,-0.001974906,1782505828.8733158,6
25.000002,24.97035,1.1819441,0.2910271,62.0,22,-0.00191961,1782505828.8733158,6
24.996,24.970707,1.0858767,0.29098052,62.0,22,-0.0018643141,1782505828.8733158,6
25.000004,24.954748,1.4388846,0.43631017,94.0,23,-0.001315839,1782505828.8733158,6
24.996,24.955385,1.3559119,0.43624035,77.0,23,-0.001260543,1782505828.8733158,6
24.992002,24.955973,1.2685833,0.43617055,77.0,23,-0.001205247,1782505828.8733158,6
24.996,24.964037,1.1860023,0.43624035,77.0,23,-0.001149951,1782505828.8733158,6
24.984001,24.95623,1.0939765,0.43603092,73.0,23,-0.001094655,1782505828.8733158,6
25.004002,24.966278,1.3652365,0.1453211,35.0,21,0.000285696,1782505828.8733158,6
25.000002,24.966898,1.277875,0.14529786,36.0,21,0.000340992,1782505828.8733158,6
25.004,24.9752,1.190907,0.1453211,37.0,21,0.000396288,1782505828.8733158,6
24.996,24.97102,1.1077251,0.1452746,37.0,21,0.000451584,1782505828.8733158,6
24.988,24.94686,1.4034846,0.2908874,63.0,22,-0.00226065,1782505828.9733977,7
25.000002,24.963589,1.3170208,0.2910271,61.0,22,-0.0022053542,1782505828.9733977,7
25.004002,24.972029,1.2300874,0.29107368,59.0,22,-0.002150058,1782505828.9733977,7
25.000002,24.972176,1.1427218,0.2910271,62.0,22,-0.0020947622,1782505828.9733977,7
25.0,24.976011,1.0555391,0.2910271,59.0,22,-0.002039466,1782505828.9733977,7
25.000002,24.956486,1.4083974,0.43631017,77.0,23,-0.0014821701,1782505828.9733977,7
24.996002,24.957254,1.3210683,0.43624035,80.0,23,-0.0014268741,1782505828.9733977,7
24.996002,24.961716,1.2339364,0.43624035,73.0,23,-0.0013715781,1782505828.9733977,7
24.992,24.961874,1.1466062,0.43617055,73.0,23,-0.001316077,1782505828.9733977,7
24.988,24.96173,1.0593016,0.43610072,59.0,23,-0.001260781,1782505828.9733977,7
24.996,24.972542,1.0728579,0.1452746,100.0,21,0.000285696,1782505828.9733977,7
24.984,24.941631,1.4250246,0.29084083,63.0,22,-0.002478736,1782505829.073184,8
25.004002,24.966425,1.3390298,0.29107368,60.0,22,-0.00242344,1782505829.073184,8
24.996,24.962957,1.2514653,0.29098052,60.0,22,-0.002368144,1782505829.073184,8
24.996,24.966969,1.1686833,0.29098052,61.0,22,-0.002312848,1782505829.073184,8
24.996,24.970896,1.0815185,0.29098052,64.0,22,-0.002257552,1782505829.073184,8
24.996002,24.951254,1.4299573,0.43624035,94.0,23,-0.0017002551,1782505829.073184,8
24.992002,24.952099,1.3426311,0.43617055,73.0,23,-0.0016449591,1782505829.073184,8
24.996,24.960627,1.255718,0.43624035,77.0,23,-0.0015896631,1782505829.073184,8
24.988003,24.960608,1.0854393,0.43610072,70.0,23,-0.0014790711,1782505829.073184,8
25.004002,24.966991,1.3521638,0.1453211,38.0,21,-0.00011636398,1782505829.073184,8
24.996002,24.96357,1.2645997,0.1452746,37.0,21,-6.1067985e-05,1782505829.073184,8
24.996,24.967829,1.177453,0.1452746,36.0,21,9.216e-06,1782505829.073184,8
24.996,24.971786,1.0902917,0.1452746,37.0,21,6.4512e-05,1782505829.073184,8
25.0,24.969934,1.1906481,0.2910271,62.0,22,-0.0025457141,1782505829.1733177,9
25.000002,24.97394,1.1034968,0.2910271,61.0,22,-0.002490418,1782505829.1733177,9
25.000002,24.958427,1.3735524,0.43631017,73.0,23,-0.0018823551,1782505829.1733177,9
24.992002,24.955305,1.2816492,0.43617055,73.0,23,-0.0018270591,1782505829.1733177,9
24.992004,24.95963,1.1945366,0.43617055,73.0,23,-0.0017717631,1782505829.1733177,9
24.992002,24.963646,1.1073972,0.43617055,73.0,23,-0.0017164671,1782505829.1733177,9
25.004002,24.96556,1.3783085,0.1453211,35.0,21,-0.00031918898,1782505829.1733177,9
25.000004,24.966227,1.2909476,0.14529786,37.0,21,-0.000263893,1782505829.1733177,9
25.000002,24.97058,1.2037911,0.14529786,37.0,21,-0.00020859699,1782505829.1733177,9
24.996,24.97063,1.1164415,0.1452746,34.0,21,-0.00015330099,1782505829.1733177,9
24.996,24.97183,1.0597283,0.29098052,62.0,22,-0.002640571,1782505829.2740772,10
25.004004,24.96478,1.330205,0.43637997,80.0,23,-0.002027707,1782505829.2740772,10
25.000004,24.965279,1.2428482,0.43631017,77.0,23,-0.0019736362,1782505829.2740772,10
24.996,24.965466,1.1555157,0.43624035,77.0,23,-0.0019183401,1782505829.2740772,10
24.992,24.965353,1.0681854,0.43617055,63.0,23,-0.0018630441,1782505829.2740772,10
24.991999,24.951136,1.4211969,0.14525135,34.0,21,-0.000539181,1782505829.2740772,10
24.996,24.959705,1.3386624,0.1452746,37.0,21,-0.000483885,1782505829.2740772,10
25.000002,24.968224,1.251729,0.14529786,37.0,21,-0.000428589,1782505829.2740772,10
25.000002,24.97244,1.164566,0.14529786,37.0,21,-0.000373293,1782505829.2740772,10
24.996,24.972355,1.0772163,0.1452746,100.0,21,-0.000317997,1782505829.2740772,10
25.004002,24.964771,1.3695171,0.29107368,60.0,22,-0.003015449,1782505829.3739085,11
24.991999,24.957413,1.2817674,0.29093397,62.0,22,-0.0029601532,1782505829.3739085,11
24.996,24.965523,1.1991837,0.29098052,62.0,22,-0.002904857,1782505829.3739085,11
24.995998,24.96936,1.1163931,0.29098052,62.0,22,-0.0028495612,1782505829.3739085,11
25.004005,24.962183,1.3781167,0.43637997,77.0,23,-0.0022345851,1782505829.3739085,11
24.992002,24.954632,1.2947148,0.43617055,73.0,23,-0.0021792892,1782505829.3739085,11
24.996,24.963202,1.203441,0.43624035,73.0,23,-0.0021239931,1782505829.3739085,11
24.992002,24.963062,1.1204672,0.43617055,70.0,23,-0.002068697,1782505829.3739085,11
25.008001,24.968586,1.3959607,0.14534435,35.0,21,-0.00070885,1782505829.3739085,11
24.996,24.961323,1.3081675,0.1452746,34.0,21,-0.00065454096,1782505829.3739085,11
24.996,24.965736,1.2210282,0.1452746,37.0,21,-0.00059924496,1782505829.3739085,11
25.0,24.973843,1.1340556,0.14529786,36.0,21,-0.00054394896,1782505829.3739085,11
25.000002,24.965849,1.2734518,0.2910271,62.0,22,-0.003147738,1782505829.474109,12
24.991999,24.962357,1.1815659,0.29093397,61.0,22,-0.0030924422,1782505829.474109,12
24.991999,24.966139,1.0987743,0.29093397,61.0,22,-0.003037146,1782505829.474109,12
24.996002,24.955149,1.360267,0.43624035,73.0,23,-0.0024233619,1782505829.474109,12
24.996,24.95952,1.2775102,0.43624035,77.0,23,-0.002368066,1782505829.474109,12
24.992,24.963837,1.1030524,0.43617055,77.0,23,-0.002257474,1782505829.474109,12
25.004002,24.966042,1.3695939,0.1453211,35.0,21,-0.00086544,1782505829.474109,12
25.000002,24.966675,1.2822325,0.14529786,35.0,21,-0.000810144,1782505829.474109,12
24.991999,24.962587,1.2034059,0.14525135,35.0,21,-0.000754848,1782505829.474109,12
24.996002,24.970827,1.1120833,0.1452746,36.0,21,-0.000699552,1782505829.474109,12
25.000002,24.961727,1.3518851,0.2910271,59.0,22,-0.003359352,1782505829.5740962,13
25.004002,24.970509,1.260582,0.29107368,61.0,22,-0.003286208,1782505829.5740962,13
25.000002,24.970556,1.1775745,0.2910271,60.0,22,-0.003230912,1782505829.5740962,13
24.992,24.966711,1.0857029,0.29093397,61.0,22,-0.003175616,1782505829.5740962,13
25.004002,24.95899,1.4347591,0.43637997,94.0,23,-0.0026204651,1782505829.5740962,13
25.000002,24.959618,1.351761,0.43631017,73.0,23,-0.002565169,1782505829.5740962,13
24.996,24.960186,1.2644421,0.43624035,73.0,23,-0.0025098731,1782505829.5740962,13
24.992002,24.96025,1.1814685,0.43617055,77.0,23,-0.002454577,1782505829.5740962,13
24.992004,24.964415,1.08997,0.43617055,73.0,23,-0.0023992811,1782505829.5740962,13
25.0,24.962284,1.3650181,0.14529786,37.0,21,-0.001038242,1782505829.5740962,13
24.987999,24.96322,1.1030136,0.1452281,35.0,21,-0.000872354,1782505829.5740962,13
25.004002,24.967813,1.3128861,0.29107368,60.0,22,-0.003534062,1782505829.674753,14
25.004005,24.965475,1.3171341,0.43637997,73.0,23,-0.0027460442,1782505829.674753,14
24.980003,24.95374,1.0589626,0.43596113,59.0,23,-0.002578997,1782505829.674753,14
25.000002,24.968441,1.2473714,0.14529786,37.0,21,-0.001144781,1782505829.674753,14
24.987999,24.945623,1.4252528,0.2908874,68.0,22,-0.0037933749,1782505829.7745254,15
24.996,24.962736,1.255834,0.29098052,62.0,22,-0.0036827829,1782505829.7745254,15
24.991999,24.962973,1.1684963,0.29093397,62.0,22,-0.003627487,1782505829.7745254,15
24.992,24.967089,1.0770003,0.29093397,61.0,22,-0.0035721909,1782505829.7745254,15
24.996,24.95609,1.3428459,0.43624035,73.0,23,-0.0029569762,1782505829.7745254,15
25.000002,24.968855,1.1687737,0.43631017,77.0,23,-0.002846384,1782505829.7745254,15
24.996,24.968784,1.0814292,0.43624035,73.0,23,-0.002791088,1782505829.7745254,15
25.004002,24.967226,1.3478065,0.1453211,37.0,21,-0.001417175,1782505829.7745254,15
24.996,24.963346,1.2689568,0.1452746,36.0,21,-0.001361879,1782505829.7745254,15
24.987999,24.945375,1.4296064,0.2908874,63.0,22,-0.00403503,1782505829.8752024,16
25.004002,24.966192,1.3433752,0.29107368,62.0,22,-0.00397786,1782505829.8752024,16
25.004002,24.970728,1.256236,0.29107368,60.0,22,-0.003922564,1782505829.8752024,16
25.000002,24.970964,1.1688704,0.2910271,61.0,22,-0.003867268,1782505829.8752024,16
24.991999,24.9669,1.0813454,0.29093397,62.0,22,-0.003811972,1782505829.8752024,16
25.008003,24.962732,1.439345,0.4364498,94.0,23,-0.003242516,1782505829.8752024,16
25.000002,24.959852,1.3474169,0.43631017,70.0,23,-0.00318722,1782505829.8752024,16
24.988003,24.9522,1.2640374,0.43610072,73.0,23,-0.003131924,1782505829.8752024,16
24.996002,24.964655,1.1729319,0.43624035,73.0,23,-0.0030766279,1782505829.8752024,16
24.984003,24.956423,1.0896211,0.43603092,73.0,23,-0.003021332,1782505829.8752024,16
25.004002,24.96212,1.4393067,0.1453211,39.0,21,-0.001707721,1782505829.8752024,16
25.0,24.962523,1.360661,0.14529786,37.0,21,-0.001652425,1782505829.8752024,16
25.000002,24.967342,1.2691599,0.14529786,37.0,21,-0.001597129,1782505829.8752024,16
25.004002,24.975616,1.1821889,0.1453211,34.0,21,-0.001541833,1782505829.8752024,16
24.992,24.96741,1.0988325,0.14525135,37.0,21,-0.001486537,1782505829.8752024,16
24.995998,24.961853,1.273248,0.29098052,60.0,22,-0.004140377,1782505829.9749691,17
24.995998,24.966352,1.181755,0.29098052,61.0,22,-0.004085081,1782505829.9749691,17
25.004002,24.978128,1.099302,0.29107368,62.0,22,-0.0040297853,1782505829.9749691,17
24.992,24.959835,1.1901807,0.43617055,70.0,23,-0.0032990042,1782505829.9749691,17
24.984003,24.955847,1.1026993,0.43603092,70.0,23,-0.003243708,1782505829.9749691,17
24.996,24.958052,1.3691555,0.1452746,35.0,21,-0.001861212,1782505829.9749691,17
25.008001,24.974215,1.2913606,0.14534435,36.0,21,-0.001805916,1782505829.9749691,17
24.995998,24.966791,1.199241,0.1452746,36.0,21,-0.00175062,1782505829.9749691,17
24.984,24.943596,1.3902004,0.29084083,63.0,22,-0.004419957,1782505830.075131,18
25.004002,24.968271,1.304159,0.29107368,61.0,22,-0.004364661,1782505830.075131,18
24.992,24.960684,1.2164288,0.29093397,58.0,22,-0.004309365,1782505830.075131,18
24.996002,24.9722,1.0510237,0.29098052,62.0,22,-0.004198773,1782505830.075131,18
24.992,24.949232,1.3948845,0.43617055,77.0,23,-0.0036290777,1782505830.075131,18
24.992,24.958149,1.2250278,0.43617055,73.0,23,-0.003518486,1782505830.075131,18
24.992002,24.962074,1.1422616,0.43617055,73.0,23,-0.0034631898,1782505830.075131,18
24.996002,24.969906,1.055283,0.43624035,49.0,23,-0.0034078937,1782505830.075131,18
25.000002,24.959866,1.4085832,0.14529786,34.0,21,-0.0020842701,1782505830.075131,18
25.007998,24.972616,1.3218714,0.14534435,36.0,21,-0.002028974,1782505830.075131,18
25.000002,24.973246,1.1471316,0.14529786,35.0,21,-0.0019079249,1782505830.075131,18
24.983997,24.940628,1.4424361,0.29084083,62.0,22,-0.00463971,1782505830.1752737,19
25.000002,24.966072,1.2691067,0.2910271,61.0,22,-0.004529118,1782505830.1752737,19
24.992002,24.951393,1.3556949,0.43617055,73.0,23,-0.0037923441,1782505830.1752737,19
24.992002,24.955751,1.2729387,0.43617055,73.0,23,-0.0037370482,1782505830.1752737,19
24.992002,24.960045,1.1858125,0.43617055,73.0,23,-0.0036817521,1782505830.1752737,19
24.988003,24.959843,1.1028758,0.43610072,70.0,23,-0.003626456,1782505830.1752737,19
25.000002,24.961807,1.3737316,0.14529786,37.0,21,-0.002235615,1782505830.1752737,19
24.996,24.962679,1.2820272,0.1452746,35.0,21,-0.0021803188,1782505830.1752737,19
25.000002,24.970999,1.1950749,0.14529786,37.0,21,-0.002125023,1782505830.1752737,19
24.992,24.967024,1.1075479,0.14525135,35.0,21,-0.002069727,1782505830.1752737,19
25.000002,24.975828,1.059898,0.2910271,61.0,22,-0.004574639,1782505830.2754314,20
25.004002,24.960478,1.4086229,0.43637997,73.0,23,-0.004017071,1782505830.2754314,20
25.000002,24.959124,1.421652,0.14529786,39.0,21,-0.002458945,1782505830.2754314,20
25.004,24.967928,1.3347332,0.1453211,34.0,21,-0.002403649,1782505830.2754314,20
24.996,24.964443,1.2471718,0.1452746,34.0,21,-0.002348353,1782505830.2754314,20
25.000002,24.976542,1.0730296,0.14529786,100.0,21,-0.002237761,1782505830.2754314,20
25.000002,24.962431,1.3388156,0.2910271,60.0,22,-0.004980513,1782505830.3757172,21
25.000002,24.974894,1.0816916,0.2910271,59.0,22,-0.004814625,1782505830.3757172,21
25.000004,24.955248,1.4301863,0.43631017,94.0,23,-0.004243023,1782505830.3757172,21
24.992002,24.956415,1.2598724,0.43617055,73.0,23,-0.004132431,1782505830.3757172,21
24.988,24.956459,1.1769239,0.43610072,70.0,23,-0.004077135,1782505830.3757172,21
24.991999,24.96779,1.0901172,0.14525135,37.0,21,-0.002486839,1782505830.3757172,21
25.004002,24.97095,1.251866,0.29107368,61.0,22,-0.0051382952,1782505830.4759035,22
25.004002,24.975164,1.1646867,0.29107368,61.0,22,-0.005082999,1782505830.4759035,22
24.996,24.951502,1.4255908,0.43624035,73.0,23,-0.004468976,1782505830.4759035,22
25.004002,24.964079,1.3432758,0.43637997,77.0,23,-0.00441368,1782505830.4759035,22
24.991999,24.956633,1.2555171,0.43617055,77.0,23,-0.004358384,1782505830.4759035,22
24.992002,24.960865,1.1683996,0.43617055,73.0,23,-0.004303088,1782505830.4759035,22
24.992002,24.96479,1.0812563,0.43617055,73.0,23,-0.004247792,1782505830.4759035,22
24.996,24.954382,1.4344907,0.1452746,34.0,21,-0.002897226,1782505830.4759035,22
25.000004,24.967566,1.2648022,0.14529786,36.0,21,-0.002786634,1782505830.4759035,22
25.000002,24.972033,1.1732831,0.14529786,36.0,21,-0.0027313381,1782505830.4759035,22
24.996,24.971598,1.0946501,0.1452746,37.0,21,-0.002676042,1782505830.4759035,22
24.996,24.958902,1.3298779,0.29098052,59.0,22,-0.005414026,1782505830.5760803,23
25.004004,24.971384,1.2431618,0.29107368,60.0,22,-0.00535873,1782505830.5760803,23
24.996,24.971458,1.0684446,0.29098052,59.0,22,-0.0052498397,1782505830.5760803,23
25.000002,24.955992,1.4170965,0.43631017,77.0,23,-0.004692272,1782505830.5760803,23
25.000002,24.960787,1.3299922,0.43631017,77.0,23,-0.004636771,1782505830.5760803,23
25.000004,24.965061,1.2472051,0.43631017,73.0,23,-0.004581475,1782505830.5760803,23
24.992,24.965166,1.0725424,0.43617055,66.0,23,-0.004470883,1782505830.5760803,23
25.000002,24.958876,1.4260082,0.14529786,34.0,21,-0.003133192,1782505830.5760803,23
25.000002,24.963701,1.3388766,0.14529786,35.0,21,-0.003077896,1782505830.5760803,23
24.996,24.964226,1.2515287,0.1452746,37.0,21,-0.0030226,1782505830.5760803,23
24.996,24.968443,1.1643796,0.1452746,37.0,21,-0.002967304,1782505830.5760803,23
24.996,24.972166,1.0815749,0.1452746,37.0,21,-0.002912008,1782505830.5760803,23
24.987999,24.945871,1.4209111,0.2908874,63.0,22,-0.005681208,1782505830.6763432,24
25.008,24.97065,1.3348863,0.29112023,59.0,22,-0.005625912,1782505830.6763432,24
25.000002,24.96717,1.2473084,0.2910271,60.0,22,-0.005570616,1782505830.6763432,24
25.000002,24.971373,1.1601546,0.2910271,60.0,22,-0.0055153198,1782505830.6763432,24
24.991999,24.967276,1.0726308,0.29093397,61.0,22,-0.005460024,1782505830.6763432,24
25.004004,24.95949,1.4260472,0.43637997,77.0,23,-0.004897005,1782505830.6763432,24
25.000006,24.960323,1.3386929,0.43631017,77.0,23,-0.004841709,1782505830.6763432,24
25.004002,24.968836,1.2517743,0.43637997,77.0,23,-0.004786413,1782505830.6763432,24
24.996002,24.965063,1.1642296,0.43624035,77.0,23,-0.004731117,1782505830.6763432,24
24.992002,24.96498,1.0768994,0.43617055,70.0,23,-0.004675821,1782505830.6763432,24
25.000002,24.962997,1.3519474,0.14529786,36.0,21,-0.003306709,1782505830.6763432,24
25.000002,24.968004,1.2560871,0.14529786,37.0,21,-0.0032514129,1782505830.6763432,24
24.991999,24.963833,1.1772646,0.14525135,37.0,21,-0.003196117,1782505830.6763432,24
25.000002,24.975975,1.0861071,0.14529786,35.0,21,-0.003140821,1782505830.6763432,24
24.996,24.95311,1.434431,0.29098052,64.0,22,-0.005902869,1782505830.776468,25
25.000002,24.961962,1.3475287,0.2910271,62.0,22,-0.0058475733,1782505830.776468,25
25.004002,24.970066,1.2693098,0.29107368,61.0,22,-0.0057922774,1782505830.776468,25
24.996,24.96656,1.177386,0.29098052,61.0,22,-0.005736981,1782505830.776468,25
24.996002,24.970518,1.0902464,0.29098052,61.0,22,-0.005681685,1782505830.776468,25
25.000004,24.959145,1.3604848,0.43631017,70.0,23,-0.005066708,1782505830.776468,25
25.004004,24.967735,1.2735499,0.43637997,73.0,23,-0.0050114123,1782505830.776468,25
24.988003,24.960035,1.0985197,0.43610072,70.0,23,-0.00490082,1782505830.776468,25
24.992002,24.95406,1.3689364,0.14525135,34.0,21,-0.003529529,1782505830.776468,25
24.996,24.967001,1.1948836,0.1452746,35.0,21,-0.0034189369,1782505830.776468,25
25.000002,24.974825,1.1122614,0.14529786,35.0,21,-0.003363641,1782505830.776468,25
24.992,24.951584,1.3906455,0.29093397,68.0,22,-0.006089943,1782505830.8772771,26
24.996,24.96028,1.3037417,0.29098052,62.0,22,-0.006034647,1782505830.8772771,26
25.000002,24.968464,1.2211636,0.2910271,60.0,22,-0.0059810528,1782505830.8772771,26
24.995998,24.968575,1.1338239,0.29098052,63.0,22,-0.005925757,1782505830.8772771,26
24.995998,24.972382,1.0466536,0.29098052,62.0,22,-0.005870461,1782505830.8772771,26
25.000004,24.95722,1.395331,0.43631017,77.0,23,-0.0053110193,1782505830.8772771,26
24.996002,24.957716,1.3123449,0.43624035,77.0,23,-0.0052557234,1782505830.8772771,26
25.004004,24.970135,1.2256161,0.43637997,77.0,23,-0.005200427,1782505830.8772771,26
24.992002,24.962275,1.1379052,0.43617055,77.0,23,-0.005145131,1782505830.8772771,26
24.980001,24.954105,1.0502526,0.43596113,42.0,23,-0.0050898353,1782505830.8772771,26
25.000002,24.96909,1.2342976,0.14529786,35.0,21,-0.0036639627,1782505830.8772771,26
24.995998,24.969248,1.146948,0.1452746,34.0,21,-0.0036086668,1782505830.8772771,26
24.996,24.9731,1.059782,0.1452746,89.0,21,-0.003553371,1782505830.8772771,26
24.988,24.944876,1.4383134,0.2908874,62.0,22,-0.006306835,1782505830.976878,27
24.996,24.962076,1.2689036,0.29098052,62.0,22,-0.0061962428,1782505830.976878,27
25.0,24.970142,1.1863023,0.2910271,62.0,22,-0.006140947,1782505830.976878,27
24.992,24.966331,1.0944291,0.29093397,61.0,22,-0.006085651,1782505830.976878,27
24.992002,24.951157,1.3600494,0.43617055,73.0,23,-0.0054616136,1782505830.976878,27
25.000002,24.967825,1.1905617,0.43631017,77.0,23,-0.005351022,1782505830.976878,27
25.008003,24.970036,1.3698128,0.14534435,37.0,21,-0.003923992,1782505830.976878,27
25.004002,24.970669,1.2824377,0.1453211,37.0,21,-0.003868696,1782505830.976878,27
24.992002,24.963007,1.1946924,0.14525135,36.0,21,-0.0038134,1782505830.976878,27
24.996,24.967173,1.164314,0.29098052,60.0,22,-0.006294676,1782505831.0771291,28
24.996002,24.964859,1.1685865,0.43624035,73.0,23,-0.005516196,1782505831.0771291,28
24.988,24.960794,1.0810832,0.43610072,73.0,23,-0.0054609003,1782505831.0771291,28
24.992002,24.95039,1.4342612,0.14525135,34.0,21,-0.004137275,1782505831.0771291,28
25.000002,24.96276,1.3563044,0.14529786,37.0,21,-0.004081979,1782505831.0771291,28
24.988,24.963795,1.0899428,0.1452281,36.0,21,-0.0039144563,1782505831.0771291,28
24.984,24.941877,1.4206836,0.29084083,63.0,22,-0.0066214446,1782505831.1773303,29
25.004002,24.966658,1.3346729,0.29107368,60.0,22,-0.0065661487,1782505831.1773303,29
24.996,24.971085,1.0771726,0.29098052,62.0,22,-0.0064002606,1782505831.1773303,29
25.000004,24.964842,1.251574,0.43631017,73.0,23,-0.005730465,1782505831.1773303,29
24.996,24.959002,1.3517311,0.1452746,35.0,21,-0.004229986,1782505831.1773303,29
25.000002,24.967785,1.2604446,0.14529786,35.0,21,-0.00417469,1782505831.1773303,29
25.000002,24.97162,1.1819998,0.14529786,35.0,21,-0.0041193943,1782505831.1773303,29
24.995998,24.962296,1.264535,0.29098052,62.0,22,-0.006653582,1782505831.2774966,30
25.003998,24.974754,1.1734163,0.29107368,60.0,22,-0.006595696,1782505831.2774966,30
25.012003,24.966724,1.4395752,0.4365196,94.0,23,-0.005982832,1782505831.2774966,30
25.004005,24.972649,1.1733074,0.43637997,77.0,23,-0.00582556,1782505831.2774966,30
24.992002,24.964603,1.085613,0.43617055,73.0,23,-0.005770264,1782505831.2774966,30
24.996,24.958765,1.3560873,0.1452746,36.0,21,-0.004410656,1782505831.2774966,30
25.000002,24.967121,1.2735175,0.14529786,35.0,21,-0.00435536,1782505831.2774966,30
24.996,24.967417,1.1861683,0.1452746,37.0,21,-0.004300064,1782505831.2774966,30
24.996,24.971212,1.1033667,0.1452746,37.0,21,-0.004244768,1782505831.2774966,30
24.991999,24.949617,1.425481,0.29093397,63.0,22,-0.006953904,1782505831.3778346,31
25.000004,24.966734,1.256035,0.2910271,61.0,22,-0.0068433117,1782505831.3778346,31
25.008003,24.963232,1.4306439,0.4364498,94.0,23,-0.006161118,1782505831.3778346,31
25.000002,24.960087,1.3430609,0.43631017,73.0,23,-0.0061058216,1782505831.3778346,31
24.992002,24.956194,1.2642398,0.43617055,70.0,23,-0.0060505257,1782505831.3778346,31
24.992002,24.960663,1.1727443,0.43617055,70.0,23,-0.00599523,1782505831.3778346,31
24.988005,24.960419,1.0897955,0.43610072,73.0,23,-0.005936391,1782505831.3778346,31
25.008001,24.970985,1.35238,0.14534435,35.0,21,-0.0045617623,1782505831.3778346,31
24.988,24.947104,1.3991307,0.2908874,63.0,22,-0.0070942813,1782505831.477909,32
25.003998,24.96804,1.3085284,0.29107368,62.0,22,-0.007038985,1782505831.477909,32
25.004002,24.960968,1.3999103,0.43637997,77.0,23,-0.006332013,1782505831.477909,32
24.996,24.961927,1.2295802,0.43624035,73.0,23,-0.006221421,1782505831.477909,32
24.992,24.966093,1.050757,0.43617055,49.0,23,-0.0061108293,1782505831.477909,32
25.004002,24.973085,1.234495,0.1453211,35.0,21,-0.004680904,1782505831.477909,32
25.000002,24.966953,1.2516657,0.2910271,59.0,22,-0.007235151,1782505831.5780284,33
25.000002,24.971169,1.1645004,0.2910271,62.0,22,-0.007179855,1782505831.5780284,33
25.000002,24.975082,1.0773451,0.2910271,62.0,22,-0.007124559,1782505831.5780284,33
25.000002,24.964622,1.2559191,0.43631017,77.0,23,-0.006451187,1782505831.5780284,33
25.004004,24.962372,1.4349499,0.1453211,40.0,21,-0.005003143,1782505831.5780284,33
25.000002,24.963232,1.3475908,0.14529786,36.0,21,-0.0049478468,1782505831.5780284,33
24.991999,24.957636,1.2774,0.29093397,63.0,22,-0.007452011,1782505831.6782281,34
24.996,24.96573,1.1948265,0.29098052,62.0,22,-0.007396715,1782505831.6782281,34
24.996,24.96975,1.1076777,0.29098052,61.0,22,-0.0073414193,1782505831.6782281,34
24.996,24.963621,1.1947277,0.43624035,73.0,23,-0.006614215,1782505831.6782281,34
24.996,24.967445,1.1119437,0.43624035,77.0,23,-0.0065589193,1782505831.6782281,34
25.008001,24.969315,1.382887,0.14534435,37.0,21,-0.005178568,1782505831.6782281,34
24.996,24.962004,1.2950976,0.1452746,37.0,21,-0.005123272,1782505831.6782281,34
25.000002,24.97037,1.2081494,0.14529786,35.0,21,-0.005067976,1782505831.6782281,34
25.000002,24.974434,1.1209792,0.14529786,37.0,21,-0.00501268,1782505831.6782281,34
25.000002,24.962664,1.3344593,0.2910271,63.0,22,-0.007680586,1782505831.7783935,35
24.996,24.967377,1.1599689,0.29098052,60.0,22,-0.0075699943,1782505831.7783935,35
24.996002,24.956327,1.3384786,0.43624035,73.0,23,-0.00690449,1782505831.7783935,35
24.996,24.960846,1.2513736,0.43624035,77.0,23,-0.006849194,1782505831.7783935,35
25.008001,24.966614,1.430822,0.14534435,39.0,21,-0.005404249,1782505831.7783935,35
24.996002,24.968037,1.1730953,0.1452746,34.0,21,-0.005247454,1782505831.7783935,35
24.988,24.94759,1.3904229,0.2908874,63.0,22,-0.007911545,1782505831.8786094,36
25.000002,24.972376,1.1383518,0.2910271,62.0,22,-0.007745657,1782505831.8786094,36
25.000006,24.961481,1.3169234,0.43631017,77.0,23,-0.007064179,1782505831.8786094,36
24.992002,24.96591,1.0551142,0.43617055,45.0,23,-0.006898291,1782505831.8786094,36
24.996,24.95587,1.4083577,0.1452746,34.0,21,-0.005560838,1782505831.8786094,36
25.008001,24.97708,1.2346926,0.14534435,36.0,21,-0.005450246,1782505831.8786094,36
24.991999,24.958302,1.2643327,0.29093397,60.0,22,-0.0080478545,1782505831.9788127,37
24.996,24.95829,1.3647996,0.1452746,34.0,21,-0.005767973,1782505831.9788127,37
24.991999,24.963213,1.1903354,0.14525135,36.0,21,-0.005657381,1782505831.9788127,37
25.008001,24.968763,1.3697361,0.29112023,60.0,22,-0.008279273,1782505832.0790064,38
25.000002,24.965405,1.2821777,0.2910271,62.0,22,-0.008223977,1782505832.0790064,38
24.991999,24.965364,1.1162144,0.29093397,61.0,22,-0.008113385,1782505832.0790064,38
24.996,24.954432,1.3733325,0.43624035,70.0,23,-0.0075086597,1782505832.0790064,38
24.988003,24.955425,1.1986889,0.43610072,73.0,23,-0.0073980675,1782505832.0790064,38
25.004002,24.96532,1.3826659,0.1453211,37.0,21,-0.005961262,1782505832.0790064,38
25.004,24.969767,1.2998703,0.1453211,34.0,21,-0.0059059663,1782505832.0790064,38
24.996,24.96616,1.2123134,0.1452746,37.0,21,-0.00585067,1782505832.0790064,38
25.000002,24.97424,1.1253381,0.14529786,37.0,21,-0.005795374,1782505832.0790064,38
24.991999,24.950851,1.4037093,0.29093397,68.0,22,-0.008519528,1782505832.179176,39
25.004002,24.976171,1.1429046,0.29107368,60.0,22,-0.008353641,1782505832.179176,39
25.000004,24.96125,1.3212798,0.43631017,80.0,23,-0.007680985,1782505832.179176,39
24.992002,24.957722,1.233739,0.43617055,77.0,23,-0.007625689,1782505832.179176,39
24.996,24.965868,1.1467896,0.43624035,77.0,23,-0.007570393,1782505832.179176,39
24.995998,24.955376,1.417069,0.1452746,34.0,21,-0.00617526,1782505832.179176,39
25.004002,24.968163,1.3303756,0.1453211,36.0,21,-0.0061199637,1782505832.179176,39
25.000006,24.96866,1.2430134,0.14529786,36.0,21,-0.006064668,1782505832.179176,39
25.000002,24.972643,1.1602075,0.14529786,36.0,21,-0.006009372,1782505832.179176,39
24.991999,24.968546,1.0726862,0.14525135,100.0,21,-0.0059448113,1782505832.179176,39
25.004002,24.9787,1.0862243,0.29107368,62.0,22,-0.00851786,1782505832.2797565,40
25.000002,24.96396,1.2689894,0.43631017,73.0,23,-0.007856648,1782505832.2797565,40
24.996,24.964449,1.1773007,0.43624035,73.0,23,-0.007801352,1782505832.2797565,40
24.992002,24.964222,1.0943269,0.43617055,77.0,23,-0.007746056,1782505832.2797565,40
25.004002,24.971115,1.2737212,0.1453211,35.0,21,-0.0063111247,1782505832.2797565,40
25.004002,24.979206,1.10372,0.1453211,37.0,21,-0.006200533,1782505832.2797565,40
25.004,24.965246,1.3608153,0.29107368,62.0,22,-0.008890833,1782505832.3795745,41
24.995996,24.966145,1.1861124,0.29098052,61.0,22,-0.008780241,1782505832.3795745,41
24.996,24.970135,1.0989503,0.29098052,62.0,22,-0.008724945,1782505832.3795745,41
25.000004,24.958908,1.3648288,0.43631017,77.0,23,-0.008096617,1782505832.3795745,41
25.000002,24.963516,1.2777147,0.43631017,73.0,23,-0.008041321,1782505832.3795745,41
25.000002,24.971828,1.1034055,0.43631017,77.0,23,-0.007939345,1782505832.3795745,41
25.008,24.969553,1.378529,0.14534435,36.0,21,-0.006568055,1782505832.3795745,41
25.004002,24.970446,1.2867957,0.1453211,36.0,21,-0.006512759,1782505832.3795745,41
24.992,24.962797,1.1990491,0.14525135,35.0,21,-0.006457463,1782505832.3795745,41
25.000002,24.974133,1.0991262,0.2910271,62.0,22,-0.008940407,1782505832.4797719,42
25.004005,24.962902,1.3650472,0.43637997,77.0,23,-0.008326861,1782505832.4797719,42
24.996,24.963829,1.190371,0.43624035,77.0,23,-0.008216269,1782505832.4797719,42
24.996002,24.96764,1.1075743,0.43624035,80.0,23,-0.008160973,1782505832.4797719,42
25.004002,24.974785,1.1996249,0.1453211,35.0,21,-0.006670745,1782505832.4797719,42
25.004002,24.978819,1.1124393,0.1453211,34.0,21,-0.00661739,1782505832.4797719,42
24.992002,24.95279,1.3688596,0.29093397,63.0,22,-0.00933913,1782505832.5799127,43
25.004,24.973303,1.2039378,0.29107368,60.0,22,-0.0092269005,1782505832.5799127,43
25.000002,24.973553,1.1122018,0.2910271,60.0,22,-0.009171604,1782505832.5799127,43
25.004004,24.96194,1.3824852,0.43637997,73.0,23,-0.008548999,1782505832.5799127,43
25.000002,24.962843,1.2907847,0.43631017,77.0,23,-0.008493704,1782505832.5799127,43
24.992,24.959208,1.2032485,0.43617055,70.0,23,-0.008438407,1782505832.5799127,43
25.004,24.977839,1.134237,0.1453211,35.0,21,-0.006846886,1782505832.5799127,43
24.996,24.973652,1.0467061,0.1452746,54.0,21,-0.00679159,1782505832.5799127,43
24.984,24.94311,1.3989067,0.29084083,68.0,22,-0.00955769,1782505832.6802297,44
25.000002,24.96382,1.3126761,0.2910271,62.0,22,-0.009502394,1782505832.6802297,44
24.992,24.964184,1.142356,0.29093397,59.0,22,-0.009391801,1782505832.6802297,44
25.004002,24.960724,1.4042548,0.43637997,77.0,23,-0.008777779,1782505832.6802297,44
24.992002,24.965725,1.0594712,0.43617055,56.0,23,-0.008550667,1782505832.6802297,44
25.004002,24.963366,1.4175227,0.1453211,34.0,21,-0.007234196,1782505832.6802297,44
25.008001,24.972157,1.3305885,0.14534435,35.0,21,-0.0071789,1782505832.6802297,44
25.004002,24.967957,1.2691925,0.43637997,77.0,23,-0.008889802,1782505832.780379,45
24.992004,24.964031,1.0986956,0.43617055,73.0,23,-0.008779209,1782505832.780379,45
25.008001,24.978779,1.1998168,0.14534435,37.0,21,-0.007288538,1782505832.780379,45
25.008001,24.98301,1.1082569,0.14534435,37.0,21,-0.007233242,1782505832.780379,45
24.987997,24.94783,1.3860688,0.2908874,68.0,22,-0.009938803,1782505832.88064,46
25.004,24.968496,1.2998017,0.29107368,60.0,22,-0.009883506,1782505832.88064,46
25.000002,24.968676,1.2168182,0.2910271,60.0,22,-0.00982821,1782505832.88064,46
25.000002,24.972572,1.1340054,0.2910271,63.0,22,-0.009772914,1782505832.88064,46
25.000002,24.97638,1.0468212,0.2910271,60.0,22,-0.009717618,1782505832.88064,46
24.991999,24.949474,1.3905184,0.43617055,77.0,23,-0.009158415,1782505832.88064,46
24.984,24.9581,1.0504206,0.43603092,42.0,23,-0.00893723,1782505832.88064,46
25.000004,24.960112,1.404227,0.14529786,37.0,21,-0.007612175,1782505832.88064,46
24.996002,24.960865,1.3168805,0.1452746,37.0,21,-0.007556879,1782505832.88064,46
24.992,24.949865,1.4211385,0.29093397,68.0,22,-0.010140165,1782505832.980786,47
24.991999,24.963177,1.1641277,0.29093397,61.0,22,-0.009974277,1782505832.980786,47
25.012001,24.967474,1.4265034,0.4365196,94.0,23,-0.009345471,1782505832.980786,47
25.000002,24.969059,1.164416,0.43631017,77.0,23,-0.009197021,1782505832.980786,47
25.004002,24.971779,1.2606462,0.1453211,37.0,21,-0.007731351,1782505832.980786,47
24.996,24.971977,1.0859332,0.1452746,35.0,21,-0.007620759,1782505832.980786,47
25.000002,24.960297,1.3780228,0.2910271,62.0,22,-0.010317018,1782505833.0809598,48
25.000002,24.96473,1.2952486,0.2910271,62.0,22,-0.010261722,1782505833.0809598,48
24.996,24.965101,1.2078978,0.29098052,61.0,22,-0.010206426,1782505833.0809598,48
24.996,24.969166,1.1207509,0.29098052,62.0,22,-0.01015113,1782505833.0809598,48
25.000002,24.957705,1.3866197,0.43631017,77.0,23,-0.009535678,1782505833.0809598,48
25.000004,24.962395,1.2994858,0.43631017,73.0,23,-0.009480381,1782505833.0809598,48
24.992002,24.958788,1.2119603,0.43617055,77.0,23,-0.009425085,1782505833.0809598,48
24.992,24.962471,1.1335368,0.43617055,70.0,23,-0.00936979,1782505833.0809598,48
25.004002,24.96435,1.4000946,0.1453211,36.0,21,-0.008009942,1782505833.0809598,48
25.000004,24.969307,1.2299397,0.14529786,36.0,21,-0.0078905625,1782505833.0809598,48
24.996,24.969648,1.1382321,0.1452746,36.0,21,-0.007835266,1782505833.0809598,48
25.004005,24.959242,1.4304152,0.43637997,77.0,23,-0.009755193,1782505833.1811628,49
25.004002,24.968616,1.25612,0.43637997,77.0,23,-0.0096446015,1782505833.1811628,49
25.000004,24.958378,1.4347204,0.14529786,34.0,21,-0.008229935,1782505833.1811628,49
25.0,24.975784,1.0904663,0.14529786,35.0,21,-0.00800875,1782505833.1811628,49
25.004,24.964529,1.3738863,0.29107368,62.0,22,-0.010719078,1782505833.281412,50
25.004,24.969173,1.2867289,0.29107368,61.0,22,-0.010663782,1782505833.281412,50
25.000002,24.969519,1.1993757,0.2910271,61.0,22,-0.010607804,1782505833.281412,50
24.996,24.954193,1.3776757,0.43624035,73.0,23,-0.009939439,1782505833.281412,50
25.004002,24.971193,1.2038263,0.43637997,73.0,23,-0.009828847,1782505833.281412,50
24.996,24.96725,1.1163011,0.43624035,73.0,23,-0.009773551,1782505833.281412,50
25.004002,24.964836,1.3913802,0.1453211,35.0,21,-0.008390816,1782505833.281412,50
25.004002,24.969313,1.3085862,0.1453211,36.0,21,-0.00833552,1782505833.281412,50
25.000002,24.969734,1.2212237,0.14529786,37.0,21,-0.008280224,1782505833.281412,50
24.996002,24.970045,1.1295159,0.1452746,37.0,21,-0.008224928,1782505833.281412,50
25.016003,24.971218,1.4311016,0.4365894,94.0,23,-0.010143662,1782505833.381556,51
24.984003,24.948427,1.2594692,0.43603092,70.0,23,-0.01003307,1782505833.381556,51
24.984,24.94408,1.3814819,0.29084083,68.0,22,-0.01110019,1782505833.481766,52
25.004002,24.968723,1.2954559,0.29107368,61.0,22,-0.011044893,1782505833.481766,52
25.004002,24.972883,1.2126426,0.29107368,59.0,22,-0.010989598,1782505833.481766,52
25.000002,24.973164,1.1209303,0.2910271,62.0,22,-0.010934302,1782505833.481766,52
24.995998,24.962566,1.2165107,0.43624035,77.0,23,-0.010199912,1782505833.481766,52
24.988003,24.958477,1.1333554,0.43610072,73.0,23,-0.010144616,1782505833.481766,52
25.000006,24.960358,1.3998706,0.14529786,37.0,21,-0.00877857,1782505833.481766,52
24.992002,24.957329,1.3079581,0.14525135,38.0,21,-0.008723274,1782505833.481766,52
24.996,24.96531,1.2297428,0.1452746,37.0,21,-0.0086679775,1782505833.481766,52
25.0,24.973446,1.1427732,0.14529786,37.0,21,-0.008607231,1782505833.481766,52
24.996,24.973469,1.0510647,0.1452746,81.0,21,-0.008551936,1782505833.481766,52
24.991999,24.948868,1.4385437,0.29093397,63.0,22,-0.011322533,1782505833.5820122,53
25.008001,24.969713,1.3523176,0.29112023,59.0,22,-0.011278714,1782505833.5820122,53
25.000002,24.974705,1.0860505,0.2910271,61.0,22,-0.011112826,1782505833.5820122,53
24.996,24.955856,1.3472012,0.43624035,73.0,23,-0.010503572,1782505833.5820122,53
24.996002,24.96041,1.260074,0.43624035,77.0,23,-0.010448276,1782505833.5820122,53
24.988,24.960226,1.0941517,0.43610072,73.0,23,-0.010337684,1782505833.5820122,53
25.012001,24.974504,1.3613142,0.1453676,37.0,21,-0.008940645,1782505833.5820122,53
25.000002,24.975403,1.0991843,0.14529786,36.0,21,-0.008774756,1782505833.5820122,53
24.987999,24.946613,1.4078262,0.2908874,63.0,22,-0.01148699,1782505833.682072,54
25.008001,24.971346,1.3218119,0.29112023,59.0,22,-0.011431694,1782505833.682072,54
24.996,24.967577,1.1556113,0.29098052,62.0,22,-0.011321102,1782505833.682072,54
25.000002,24.975456,1.0686157,0.2910271,61.0,22,-0.011264408,1782505833.682072,54
25.008001,24.96373,1.4219184,0.4364498,73.0,23,-0.01070684,1782505833.682072,54
25.000004,24.960556,1.3343486,0.43631017,73.0,23,-0.010651544,1782505833.682072,54
25.000002,24.973158,1.0728858,0.43631017,66.0,23,-0.010474484,1782505833.682072,54
25.004004,24.967463,1.3434486,0.1453211,36.0,21,-0.009106532,1782505833.682072,54
25.004002,24.971998,1.2562879,0.1453211,36.0,21,-0.009051235,1782505833.682072,54
24.996,24.968239,1.1687374,0.1452746,37.0,21,-0.008995939,1782505833.682072,54
24.988,24.955004,1.2074112,0.43610072,73.0,23,-0.010756413,1782505833.782326,55
24.988003,24.95926,1.1159439,0.43610072,73.0,23,-0.010701118,1782505833.782326,55
25.000002,24.961084,1.3868011,0.14529786,37.0,21,-0.009318383,1782505833.782326,55
25.000004,24.976198,1.051192,0.2910271,62.0,22,-0.011669806,1782505833.8825312,56
25.016,24.972456,1.4092988,0.4365894,94.0,23,-0.011114417,1782505833.8825312,56
24.992002,24.953262,1.3208569,0.43617055,70.0,23,-0.01105912,1782505833.8825312,56
24.996,24.960173,1.3299499,0.1452746,35.0,21,-0.009495477,1782505833.8825312,56
25.004002,24.976639,1.1603931,0.1453211,34.0,21,-0.009384885,1782505833.8825312,56
24.992002,24.95163,1.3513284,0.43617055,73.0,23,-0.011263138,1782505833.9827244,57
25.012001,24.974266,1.3656733,0.1453676,37.0,21,-0.009701641,1782505833.9827244,57
25.016,24.982876,1.2786927,0.14539084,37.0,21,-0.009646345,1782505833.9827244,57
24.988,24.947348,1.394765,0.2908874,63.0,22,-0.0122653935,1782505834.0829232,58
25.004002,24.972458,1.221359,0.29107368,62.0,22,-0.012154802,1782505834.0829232,58
24.991999,24.968018,1.0552013,0.29093397,60.0,22,-0.012044209,1782505834.0829232,58
25.000002,24.965925,1.229777,0.43631017,77.0,23,-0.011373699,1782505834.0829232,58
24.984001,24.957733,1.0591321,0.43603092,52.0,23,-0.011276967,1782505834.0829232,58
25.004002,24.973722,1.195209,0.29107368,61.0,22,-0.012304716,1782505834.1830676,59
24.992,24.95044,1.3731128,0.43617055,73.0,23,-0.011635634,1782505834.1830676,59
25.000002,24.96307,1.2864163,0.43631017,73.0,23,-0.011580338,1782505834.1830676,59
24.988003,24.959066,1.1202878,0.43610072,73.0,23,-0.011469746,1782505834.1830676,59
24.996,24.961777,1.2994543,0.1452746,37.0,21,-0.010067717,1782505834.1830676,59
24.992,24.962166,1.2121193,0.14525135,35.0,21,-0.010012422,1782505834.1830676,59
24.996,24.970242,1.125158,0.1452746,37.0,21,-0.00993856,1782505834.1830676,59
25.000002,24.958101,1.4172262,0.2910271,68.0,22,-0.012632166,1782505834.283476,60
25.008001,24.970884,1.3305163,0.29112023,59.0,22,-0.012591448,1782505834.283476,60
25.004004,24.95974,1.4216911,0.43637997,94.0,23,-0.011867785,1782505834.283476,60
25.004005,24.96455,1.3345621,0.43637997,77.0,23,-0.0118124895,1782505834.283476,60
25.008001,24.973047,1.2476043,0.4364498,73.0,23,-0.011757193,1782505834.283476,60
24.996002,24.965267,1.1598607,0.43624035,73.0,23,-0.011701897,1782505834.283476,60
24.996,24.96916,1.072714,0.43624035,63.0,23,-0.011646601,1782505834.283476,60
25.016003,24.9746,1.4312798,0.14539084,39.0,21,-0.010317494,1782505834.283476,60
25.008003,24.971457,1.3436635,0.14534435,37.0,21,-0.010262199,1782505834.283476,60
25.004,24.97623,1.1691115,0.1453211,35.0,21,-0.010151606,1782505834.283476,60
25.004,24.98016,1.0819212,0.1453211,36.0,21,-0.010096311,1782505834.283476,60
24.999998,24.970758,1.1732285,0.2910271,60.0,22,-0.012732047,1782505834.383496,61
25.004004,24.97621,1.0948523,0.43637997,73.0,23,-0.011886382,1782505834.383496,61
25.008001,24.97511,1.273925,0.14534435,37.0,21,-0.01045455,1782505834.383496,61
25.008001,24.979404,1.1867378,0.14534435,35.0,21,-0.010399254,1782505834.383496,61
24.984,24.94432,1.3771408,0.29084083,63.0,22,-0.013030682,1782505834.4837239,62
24.996,24.960733,1.2950413,0.29098052,62.0,22,-0.012975386,1782505834.4837239,62
25.004002,24.973093,1.2082845,0.29107368,60.0,22,-0.01292009,1782505834.4837239,62
24.996002,24.958399,1.2992778,0.43624035,73.0,23,-0.012200244,1782505834.4837239,62
25.004002,24.970772,1.2125423,0.43637997,73.0,23,-0.012144947,1782505834.4837239,62
24.988,24.95887,1.1246556,0.43610072,70.0,23,-0.012089651,1782505834.4837239,62
25.004002,24.969084,1.3129442,0.1453211,36.0,21,-0.010674508,1782505834.4837239,62
25.004002,24.973515,1.2257777,0.1453211,37.0,21,-0.010610424,1782505834.4837239,62
25.000002,24.973646,1.1384144,0.14529786,37.0,21,-0.010555129,1782505834.4837239,62
25.000002,24.957357,1.4302931,0.2910271,68.0,22,-0.013266171,1782505834.5838466,63
25.008001,24.970184,1.34359,0.29112023,60.0,22,-0.013210875,1782505834.5838466,63
25.000004,24.974516,1.090421,0.2910271,63.0,22,-0.013044987,1782505834.5838466,63
24.996,24.955622,1.3515445,0.43624035,73.0,23,-0.01243001,1782505834.5838466,63
25.000002,24.964184,1.2646445,0.43631017,73.0,23,-0.012374714,1782505834.5838466,63
25.004002,24.966755,1.3565214,0.1453211,35.0,21,-0.010875665,1782505834.5838466,63
25.008001,24.975332,1.269566,0.14534435,34.0,21,-0.010820368,1782505834.5838466,63
24.996,24.971405,1.0990084,0.1452746,37.0,21,-0.010709777,1782505834.5838466,63
24.992,24.964382,1.1379874,0.29093397,61.0,22,-0.013260689,1782505834.6841252,64
25.016,24.972702,1.4049287,0.4365894,100.0,23,-0.012647824,1782505834.6841252,64
24.996,24.972729,1.0684993,0.1452746,100.0,21,-0.010885203,1782505834.6841252,64
25.000002,24.962198,1.3431603,0.2910271,61.0,22,-0.013591953,1782505834.7844882,65
25.000004,24.954998,1.4345295,0.43631017,77.0,23,-0.012868529,1782505834.7844882,65
25.000004,24.964405,1.2602757,0.43631017,77.0,23,-0.012757937,1782505834.7844882,65
24.988003,24.956667,1.1725565,0.43610072,73.0,23,-0.012702642,1782505834.7844882,65
24.996,24.963123,1.2733136,0.1452746,37.0,21,-0.011212686,1782505834.7844882,65
25.004002,24.979591,1.0950006,0.1453211,37.0,21,-0.011102094,1782505834.7844882,65
24.992,24.962564,1.1771976,0.29093397,64.0,22,-0.013693962,1782505834.8846312,66
25.004002,24.965801,1.3739513,0.1453211,34.0,21,-0.011482219,1782505834.8846312,66
24.991999,24.958683,1.2818221,0.14525135,37.0,21,-0.011426924,1782505834.8846312,66
25.004002,24.974344,1.1821333,0.29107368,61.0,22,-0.013919915,1782505834.9846961,67
25.004004,24.963139,1.3607025,0.43637997,77.0,23,-0.013251073,1782505834.9846961,67
24.996,24.96783,1.1032288,0.43624035,73.0,23,-0.013085185,1782505834.9846961,67
25.000002,24.962048,1.3693748,0.14529786,37.0,21,-0.011700304,1782505834.9846961,67
25.000002,24.964956,1.2908797,0.2910271,60.0,22,-0.014199699,1782505835.085131,68
25.0,24.969097,1.2080911,0.2910271,62.0,22,-0.014144404,1782505835.085131,68
24.996,24.95395,1.3820428,0.43624035,73.0,23,-0.013476277,1782505835.085131,68
25.000002,24.96262,1.2951293,0.43631017,73.0,23,-0.01342098,1782505835.085131,68
25.000002,24.9606,1.3955141,0.14529786,37.0,21,-0.011926018,1782505835.085131,68
24.996,24.969847,1.133874,0.1452746,36.0,21,-0.0117601305,1782505835.085131,68
24.991999,24.969654,1.0465386,0.14525135,62.0,21,-0.011704834,1782505835.085131,68
24.995998,24.951996,1.4168696,0.43624035,77.0,23,-0.0136941215,1782505835.1852562,69
24.992002,24.957071,1.246806,0.43617055,73.0,23,-0.01358353,1782505835.1852562,69
25.004002,24.96287,1.4262364,0.1453211,39.0,21,-0.01215742,1782505835.1852562,69
25.000004,24.968035,1.1861922,0.43631017,73.0,23,-0.013770638,1782505835.285629,70
25.004002,24.970892,1.2780794,0.1453211,36.0,21,-0.012276596,1782505835.285629,70
25.004002,24.974995,1.195266,0.1453211,35.0,21,-0.0122213,1782505835.285629,70
24.983997,24.94456,1.3727872,0.29084083,68.0,22,-0.014878714,1782505835.385722,71
25.004002,24.977354,1.1167505,0.29107368,61.0,22,-0.014712826,1782505835.385722,71
25.004002,24.961699,1.3868415,0.43637997,70.0,23,-0.014083307,1782505835.385722,71
24.992,24.958998,1.2076045,0.43617055,73.0,23,-0.0139727155,1782505835.385722,71
24.996,24.965523,1.2253855,0.1452746,36.0,21,-0.012441053,1782505835.385722,71
25.000004,24.955498,1.425819,0.43631017,94.0,23,-0.0143002,1782505835.4858942,72
25.008003,24.96831,1.3391212,0.4364498,73.0,23,-0.014244904,1782505835.4858942,72
25.008001,24.966112,1.4395369,0.14534435,39.0,21,-0.012773035,1782505835.4858942,72
25.008001,24.97122,1.348022,0.14534435,36.0,21,-0.012717739,1782505835.4858942,72
25.000002,24.959814,1.3867345,0.2910271,62.0,22,-0.015267456,1782505835.5860548,73
24.991999,24.964579,1.1336424,0.29093397,64.0,22,-0.015101568,1782505835.5860548,73
24.992,24.968386,1.0464861,0.29093397,62.0,22,-0.0150462715,1782505835.5860548,73
25.000002,24.962166,1.3038542,0.43631017,77.0,23,-0.014423189,1782505835.5860548,73
24.988003,24.962097,1.0505888,0.43610072,42.0,23,-0.014257301,1782505835.5860548,73
25.000002,24.96486,1.3170913,0.14529786,35.0,21,-0.01287409,1782505835.5860548,73
24.992002,24.96929,1.0552547,0.14525135,89.0,21,-0.012708202,1782505835.5860548,73
25.004002,24.965721,1.3521014,0.29107368,62.0,22,-0.015401125,1782505835.6862054,74
24.984,24.944801,1.3684216,0.29084083,63.0,22,-0.015618495,1782505835.7864327,75
24.992,24.961737,1.1946353,0.29093397,61.0,22,-0.015507902,1782505835.7864327,75
24.996,24.958624,1.294922,0.43624035,77.0,23,-0.014790439,1782505835.7864327,75
25.000002,24.9672,1.2036337,0.43631017,73.0,23,-0.014735143,1782505835.7864327,75
25.012,24.973064,1.3874668,0.1453676,36.0,21,-0.013294252,1782505835.7864327,75
25.000002,24.965773,1.2996624,0.14529786,35.0,21,-0.013241373,1782505835.7864327,75
25.004002,24.972244,1.2257174,0.29107368,60.0,22,-0.015744822,1782505835.886635,76
24.988003,24.949728,1.3119249,0.43610072,70.0,23,-0.015019253,1782505835.886635,76
24.996,24.966267,1.1380874,0.43624035,73.0,23,-0.014908661,1782505835.886635,76
25.004002,24.963612,1.3519772,0.43637997,77.0,23,-0.015236385,1782505835.9869664,77
24.988003,24.956255,1.1812793,0.43610072,73.0,23,-0.015125793,1782505835.9869664,77
24.984,24.94262,1.4076008,0.29084083,68.0,22,-0.016248174,1782505836.0871458,78
24.996,24.959364,1.3211776,0.29098052,59.0,22,-0.01619288,1782505836.0871458,78
24.996,24.963823,1.2340387,0.29098052,62.0,22,-0.016137583,1782505836.0871458,78
25.000002,24.969463,1.1557007,0.43631017,77.0,23,-0.015292124,1782505836.0871458,78
25.008001,24.966862,1.4264646,0.14534435,34.0,21,-0.013929926,1782505836.0871458,78
25.004002,24.967695,1.3390908,0.1453211,35.0,21,-0.01387463,1782505836.0871458,78
25.004,24.976435,1.1647524,0.1453211,35.0,21,-0.013764039,1782505836.0871458,78
24.996,24.96468,1.2166234,0.29098052,62.0,22,-0.01629608,1782505836.1873133,79
24.996,24.95298,1.3994623,0.43624035,73.0,23,-0.015629621,1782505836.1873133,79
24.992004,24.953724,1.312135,0.43617055,73.0,23,-0.015574326,1782505836.1873133,79
25.000002,24.970264,1.1382695,0.43631017,77.0,23,-0.015463734,1782505836.1873133,79
24.996,24.970272,1.0465674,0.43624035,45.0,23,-0.015408438,1782505836.1873133,79
24.996002,24.956116,1.4040023,0.1452746,34.0,21,-0.014081716,1782505836.1873133,79
25.004002,24.96405,1.3825879,0.29107368,62.0,22,-0.016592348,1782505836.2873335,80
25.000002,24.968887,1.2124485,0.2910271,62.0,22,-0.016481757,1782505836.2873335,80
24.992,24.964975,1.1249167,0.29093397,60.0,22,-0.01642646,1782505836.2873335,80
25.012001,24.969198,1.3960006,0.4365196,73.0,23,-0.015804332,1782505836.2873335,80
24.987999,24.954578,1.2161214,0.43610072,73.0,23,-0.015693739,1782505836.2873335,80
25.000002,24.970463,1.1338997,0.43631017,77.0,23,-0.015638443,1782505836.2873335,80
24.996002,24.956362,1.3996466,0.1452746,37.0,21,-0.014267629,1782505836.2873335,80
25.004002,24.9733,1.2301364,0.1453211,37.0,21,-0.014157036,1782505836.2873335,80
25.000002,24.96149,1.3562294,0.2910271,63.0,22,-0.016732216,1782505836.3877897,81
25.000002,24.963741,1.2733462,0.43631017,73.0,23,-0.01590014,1782505836.3877897,81
25.004002,24.97022,1.291154,0.1453211,36.0,21,-0.014343651,1782505836.3877897,81
25.000002,24.964502,1.2995938,0.2910271,61.0,22,-0.016924568,1782505836.4875872,82
25.000002,24.97277,1.129647,0.2910271,60.0,22,-0.016813977,1782505836.4875872,82
24.996,24.95817,1.3036455,0.43624035,73.0,23,-0.016143704,1782505836.4875872,82
25.000002,24.97066,1.1295538,0.43631017,77.0,23,-0.016033111,1782505836.4875872,82
25.016003,24.97633,1.4007665,0.14539084,41.0,21,-0.014646087,1782505836.4875872,82
25.008001,24.972849,1.3175128,0.14534435,35.0,21,-0.014590823,1782505836.4875872,82
24.991999,24.965452,1.1424074,0.14525135,35.0,21,-0.014480231,1782505836.4875872,82
24.991999,24.951096,1.3993546,0.29093397,68.0,22,-0.01719938,1782505836.587765,83
24.996,24.96818,1.1425389,0.29098052,61.0,22,-0.017033491,1782505836.587765,83
25.012001,24.968464,1.4090735,0.4365196,94.0,23,-0.016418753,1782505836.587765,83
24.992,24.953491,1.316502,0.43617055,73.0,23,-0.016363457,1782505836.587765,83
24.988,24.957878,1.1464226,0.43610072,73.0,23,-0.016252866,1782505836.587765,83
25.008001,24.976429,1.2477705,0.14534435,37.0,21,-0.014755486,1782505836.587765,83
24.991999,24.96465,1.1598362,0.14525135,36.0,21,-0.014700189,1782505836.587765,83
24.988,24.96455,1.0725145,0.1452281,100.0,21,-0.014644893,1782505836.587765,83
25.008003,24.966364,1.4351795,0.14534435,39.0,21,-0.015082493,1782505836.6879473,84
25.004,24.971336,1.269363,0.1453211,37.0,21,-0.014971901,1782505836.6879473,84
25.000002,24.971827,1.1776415,0.14529786,35.0,21,-0.014916605,1782505836.6879473,84
24.991999,24.952547,1.3732269,0.29093397,63.0,22,-0.01757998,1782505836.7881784,85
25.004002,24.96895,1.2910863,0.29107368,62.0,22,-0.017524686,1782505836.7881784,85
25.000002,24.957947,1.382264,0.43631017,73.0,23,-0.016800309,1782505836.7881784,85
25.000002,24.971052,1.1208259,0.43631017,73.0,23,-0.01663442,1782505836.7881784,85
25.004002,24.964594,1.3957374,0.1453211,36.0,21,-0.015253626,1782505836.7881784,85
24.991999,24.949368,1.4298352,0.29093397,68.0,22,-0.017784,1782505836.8883548,86
25.008001,24.962982,1.4349886,0.4364498,94.0,23,-0.017002657,1782505836.8883548,86
25.000004,24.972595,1.0859606,0.43631017,73.0,23,-0.016781474,1782505836.8883548,86
24.996,24.967623,1.1818106,0.1452746,36.0,21,-0.015294345,1782505836.8883548,86
25.000002,24.95673,1.4040302,0.43631017,77.0,23,-0.017197395,1782505836.988559,87
25.008001,24.980633,1.1605787,0.14534435,37.0,21,-0.015471916,1782505836.988559,87
25.004004,24.95874,1.4391149,0.43637997,94.0,23,-0.017405909,1782505837.088835,88
25.004002,24.979399,1.0993602,0.1453211,37.0,21,-0.015649486,1782505837.088835,88
25.004,24.965008,1.3651723,0.29107368,62.0,22,-0.018341694,1782505837.1890388,89
24.991999,24.961943,1.190267,0.29093397,62.0,22,-0.018231101,1782505837.1890388,89
24.992002,24.95068,1.3687586,0.43617055,70.0,23,-0.017561546,1782505837.1890388,89
25.004002,24.969994,1.2955122,0.1453211,37.0,21,-0.015970739,1782505837.1890388,89
24.996002,24.966373,1.2079561,0.1452746,36.0,21,-0.015910469,1782505837.1890388,89
24.996,24.970436,1.1207997,0.1452746,35.0,21,-0.015855173,1782505837.1890388,89
25.004,24.967583,1.3172315,0.29107368,60.0,22,-0.018516405,1782505837.2891908,90
25.008001,24.976023,1.2302841,0.29112023,61.0,22,-0.018461108,1782505837.2891908,90
25.008001,24.979965,1.147447,0.29112023,61.0,22,-0.018405812,1782505837.2891908,90
25.008001,24.96447,1.408848,0.4364498,73.0,23,-0.017792743,1782505837.2891908,90
25.004004,24.965244,1.3214911,0.43637997,73.0,23,-0.017737446,1782505837.2891908,90
25.004002,24.963118,1.4218794,0.1453211,39.0,21,-0.016232437,1782505837.2891908,90
25.008001,24.971922,1.3349468,0.14534435,37.0,21,-0.01617714,1782505837.2891908,90
24.996,24.952862,1.4387739,0.29098052,62.0,22,-0.0187733,1782505837.3895428,91
25.004,24.969622,1.2780135,0.29107368,63.0,22,-0.018897004,1782505837.4898105,92
24.995998,24.965939,1.1904575,0.29098052,63.0,22,-0.01884171,1782505837.4898105,92
24.995998,24.969942,1.1033201,0.29098052,61.0,22,-0.018786414,1782505837.4898105,92
24.996,24.959074,1.2862103,0.43624035,70.0,23,-0.018108273,1782505837.4898105,92
25.000002,24.961327,1.3824447,0.14529786,36.0,21,-0.016625436,1782505837.4898105,92
24.996,24.966581,1.2035985,0.1452746,37.0,21,-0.016506294,1782505837.4898105,92
25.004004,24.962421,1.3737723,0.43637997,77.0,23,-0.018386183,1782505837.5900047,93
25.000002,24.963293,1.2820596,0.43631017,77.0,23,-0.018330887,1782505837.5900047,93
24.992002,24.95942,1.1988807,0.43617055,73.0,23,-0.01827559,1782505837.5900047,93
25.004002,24.978233,1.1255181,0.1453211,37.0,21,-0.016679779,1782505837.5900047,93
25.004004,24.972672,1.2170129,0.29107368,61.0,22,-0.019261632,1782505837.6901658,94
24.995998,24.953466,1.3907409,0.43624035,80.0,23,-0.018605188,1782505837.6901658,94
25.000004,24.961712,1.3125551,0.43631017,70.0,23,-0.018565899,1782505837.6901658,94
25.024004,24.984074,1.4055752,0.14543734,41.0,21,-0.017053023,1782505837.6901658,94
25.000002,24.977283,1.0555925,0.14529786,81.0,21,-0.016831838,1782505837.6901658,94
24.984,24.941381,1.4293776,0.29084083,68.0,22,-0.019607713,1782505837.7903507,95
25.004002,24.971815,1.2344338,0.29107368,61.0,22,-0.019654427,1782505837.8905869,96
25.000002,24.973358,1.1165718,0.2910271,64.0,22,-0.01980102,1782505837.9907515,97
25.004002,24.965078,1.3870231,0.1453211,35.0,21,-0.017630745,1782505837.9907515,97
24.996,24.964466,1.2209681,0.29098052,62.0,22,-0.020058155,1782505838.0909593,98
25.000002,24.956976,1.3996863,0.43631017,77.0,23,-0.019388359,1782505838.0909593,98
25.000002,24.959372,1.4172959,0.14529786,34.0,21,-0.017840007,1782505838.0909593,98
25.012005,24.967226,1.4308727,0.4365196,94.0,23,-0.019620033,1782505838.191141,99
24.992002,24.954407,1.29907,0.43617055,73.0,23,-0.0197404,1782505838.2912135,100
25.000002,24.966988,1.2079911,0.43631017,80.0,23,-0.019685104,1782505838.2912135,100
24.996002,24.96686,1.1250156,0.43624035,73.0,23,-0.019629808,1782505838.2912135,100
25.000002,24.96509,1.3127341,0.14529786,37.0,21,-0.018195592,1782505838.2912135,100
25.000002,24.969519,1.2255816,0.14529786,36.0,21,-0.018140297,1782505838.2912135,100
25.000002,24.957106,1.4346607,0.2910271,64.0,22,-0.02077554,1782505838.3915272,101
25.008001,24.969477,1.3566633,0.29112023,60.0,22,-0.020720243,1782505838.3915272,101
25.012003,24.97403,1.370032,0.1453676,37.0,21,-0.018402472,1782505838.3915272,101
24.995998,24.955576,1.3908681,0.29098052,68.0,22,-0.02112782,1782505838.5918636,103
24.996,24.962143,1.2252238,0.43624035,77.0,23,-0.02023231,1782505838.5918636,103
25.003998,24.968622,1.3216599,0.1453211,37.0,21,-0.018744705,1782505838.5918636,103
25.004002,24.977242,1.147315,0.1453211,36.0,21,-0.018634113,1782505838.5918636,103
25.008001,24.974941,1.2520661,0.29112023,61.0,22,-0.021228397,1782505838.6918626,104
25.000002,24.968445,1.1774892,0.43631017,77.0,23,-0.020405112,1782505838.6918626,104
25.004002,24.97156,1.2650045,0.1453211,36.0,21,-0.018921798,1782505838.6918626,104
25.004002,24.97978,1.0906408,0.1453211,34.0,21,-0.018811207,1782505838.6918626,104
24.991999,24.952307,1.3775817,0.29093397,68.0,22,-0.021511283,1782505838.7921193,105
24.996,24.953709,1.3863977,0.43624035,73.0,23,-0.02071182,1782505838.7921193,105
25.008003,24.968344,1.4003186,0.14534435,38.0,21,-0.019182544,1782505838.7921193,105
25.008001,24.973078,1.3131542,0.14534435,36.0,21,-0.01912725,1782505838.7921193,105
25.004002,24.970287,1.2649398,0.29107368,62.0,22,-0.021599462,1782505838.8923974,106
24.992,24.950113,1.4167726,0.29093397,64.0,22,-0.021887863,1782505838.9925716,107
24.996,24.963392,1.242764,0.29098052,64.0,22,-0.021777272,1782505838.9925716,107
25.008003,24.968542,1.3347754,0.4364498,77.0,23,-0.021054087,1782505838.9925716,107
24.996002,24.963413,1.1990725,0.43624035,77.0,23,-0.021166349,1782505839.0927043,108
25.000004,24.971443,1.1121217,0.43631017,73.0,23,-0.021111052,1782505839.0927043,108
24.991999,24.964851,1.1554791,0.14525135,36.0,21,-0.019773362,1782505839.1929226,109
24.996002,24.964245,1.1816574,0.43624035,73.0,23,-0.021539083,1782505839.293097,110
25.004002,24.964104,1.4044517,0.1453211,34.0,21,-0.02034274,1782505839.3934011,111
25.008001,24.981438,1.1431388,0.14534435,35.0,21,-0.02017685,1782505839.3934011,111
25.004,24.981094,1.0601213,0.1453211,89.0,21,-0.020121556,1782505839.3934011,111
24.995998,24.959593,1.31681,0.29098052,61.0,22,-0.023060458,1782505839.5936189,113
24.996,24.963175,1.2471087,0.29098052,62.0,22,-0.023235166,1782505839.693824,114
25.000002,24.97527,1.0729742,0.2910271,61.0,22,-0.023124576,1782505839.693824,114
24.992002,24.94751,1.4253627,0.43617055,77.0,23,-0.022566563,1782505839.693824,114
24.996,24.968973,1.0770717,0.43624035,70.0,23,-0.022345379,1782505839.693824,114
24.996,24.954632,1.4301354,0.1452746,34.0,21,-0.021008642,1782505839.693824,114
24.984003,24.957918,1.0547764,0.43603092,49.0,23,-0.022714298,1782505839.894238,116
24.996,24.968847,1.155664,0.1452746,37.0,21,-0.02122625,1782505839.894238,116
24.991999,24.95808,1.2687005,0.29093397,62.0,22,-0.023809535,1782505839.9944527,117
24.991999,24.96215,1.1859226,0.29093397,62.0,22,-0.02375424,1782505839.9944527,117
24.996002,24.954912,1.3646103,0.43624035,77.0,23,-0.023083728,1782505839.9944527,117
25.004002,24.967512,1.2779192,0.43637997,77.0,23,-0.023028431,1782505839.9944527,117
25.008001,24.969795,1.3741711,0.14534435,39.0,21,-0.021526283,1782505839.9944527,117
24.992,24.958235,1.2905344,0.14525135,38.0,21,-0.021470986,1782505839.9944527,117
25.0,24.974628,1.1166202,0.14529786,37.0,21,-0.021360395,1782505839.9944527,117
25.0,24.96782,1.2342362,0.2910271,62.0,22,-0.024010437,1782505840.0947216,118
25.008001,24.976212,1.2521296,0.14534435,36.0,21,-0.021655949,1782505840.0947216,118
24.988003,24.95687,1.1682127,0.43610072,77.0,23,-0.02337281,1782505840.1948223,119
24.996002,24.968409,1.0901443,0.43624035,73.0,23,-0.023317514,1782505840.1948223,119
25.000004,24.975595,1.0948254,0.14529786,35.0,21,-0.021780131,1782505840.1948223,119
25.004002,24.978624,1.1167988,0.1453211,36.0,21,-0.02199556,1782505840.2950375,120
24.991999,24.95134,1.3949883,0.29093397,68.0,22,-0.024692297,1782505840.395241,121
25.007998,24.972033,1.3087376,0.29112023,60.0,22,-0.024637,1782505840.395241,121
25.008001,24.976238,1.2259134,0.29112023,62.0,22,-0.024581704,1782505840.395241,121
25.000004,24.970066,1.1426274,0.43631017,73.0,23,-0.02375893,1782505840.395241,121
25.004,24.980722,1.0688415,0.1453211,96.0,21,-0.022154532,1782505840.395241,121
24.996,24.957731,1.3516687,0.29098052,61.0,22,-0.024841495,1782505840.495508,122
24.984003,24.952053,1.1854329,0.43603092,77.0,23,-0.023940979,1782505840.495508,122
25.008001,24.974663,1.2826428,0.14534435,37.0,21,-0.02246938,1782505840.495508,122
25.004002,24.979013,1.1080798,0.1453211,36.0,21,-0.02235879,1782505840.495508,122
24.995998,24.953857,1.421366,0.29098052,68.0,22,-0.025088668,1782505840.5957952,123
25.008001,24.97283,1.2519745,0.4364498,77.0,23,-0.024189105,1782505840.5957952,123
25.019999,24.978592,1.4315085,0.14541408,40.0,21,-0.022763472,1782505840.5957952,123
25.008001,24.975775,1.2608479,0.14534435,36.0,21,-0.02265288,1782505840.5957952,123
24.995998,24.964037,1.2296938,0.29098052,59.0,22,-0.025136573,1782505840.6957438,124
25.000002,24.969866,1.1469733,0.43631017,77.0,23,-0.02431114,1782505840.6957438,124
25.008003,24.967112,1.4221069,0.14534435,39.0,21,-0.022930074,1782505840.6957438,124
24.988,24.951086,1.2857987,0.43610072,73.0,23,-0.024583772,1782505840.7959342,125
24.996,24.957088,1.3865792,0.1452746,35.0,21,-0.023082135,1782505840.7959342,125
25.004002,24.973942,1.2170604,0.1453211,37.0,21,-0.022971543,1782505840.7959342,125
24.988003,24.957277,1.1594896,0.43610072,80.0,23,-0.024713676,1782505840.8961668,126
25.008001,24.97169,1.339305,0.14534435,37.0,21,-0.02326277,1782505840.8961668,126
25.008001,24.984344,1.0777335,0.14534435,35.0,21,-0.02309787,1782505840.8961668,126
24.996,24.95702,1.3647354,0.29098052,62.0,22,-0.025840146,1782505840.9963975,127
24.988,24.951311,1.2814441,0.43610072,70.0,23,-0.02500303,1782505840.9963975,127
24.988003,24.959455,1.1115879,0.43610072,73.0,23,-0.02489244,1782505840.9963975,127
24.992,24.966246,1.1249778,0.14525135,36.0,21,-0.023338333,1782505840.9963975,127
25.000002,24.972782,1.0816023,0.43631017,73.0,23,-0.02503234,1782505841.0966146,128
24.996,24.95413,1.4388461,0.1452746,34.0,21,-0.02371277,1782505841.0966146,128
24.992002,24.96404,1.1729076,0.14525135,37.0,21,-0.02354688,1782505841.0966146,128
24.995998,24.9563,1.3778021,0.29098052,60.0,22,-0.026181884,1782505841.196686,129
25.004002,24.969542,1.3042282,0.1453211,35.0,21,-0.023822168,1782505841.196686,129
25.004,24.974152,1.2127014,0.1453211,35.0,21,-0.023766873,1782505841.196686,129
24.991999,24.960043,1.229497,0.29093397,62.0,22,-0.026473625,1782505841.3972292,131
25.008001,24.967358,1.4177494,0.14534435,39.0,21,-0.024250675,1782505841.3972292,131
24.988003,24.956049,1.1856227,0.43610072,70.0,23,-0.025844818,1782505841.4973638,132
25.000004,24.966452,1.28659,0.14529786,35.0,21,-0.024343386,1782505841.4973638,132
24.995998,24.961184,1.286317,0.29098052,61.0,22,-0.026910951,1782505841.5975692,133
24.992,24.954855,1.2903717,0.43617055,73.0,23,-0.026140101,1782505841.5975692,133
25.008001,24.98223,1.1256981,0.14534435,35.0,21,-0.024484495,1782505841.5975692,133
24.992,24.965754,1.1075004,0.29093397,62.0,22,-0.027015345,1782505841.6977172,134
24.992002,24.963451,1.1117659,0.43617055,73.0,23,-0.026236149,1782505841.6977172,134
25.012,24.973307,1.3831083,0.1453676,35.0,21,-0.024863666,1782505841.6977172,134
25.000002,24.970158,1.2125075,0.14529786,36.0,21,-0.024753075,1782505841.6977172,134
25.000002,24.960056,1.3823667,0.2910271,61.0,22,-0.027414782,1782505841.7979383,135
25.000002,24.97297,1.1252768,0.2910271,62.0,22,-0.027248893,1782505841.7979383,135
24.996,24.953224,1.3951076,0.43624035,73.0,23,-0.026640115,1782505841.7979383,135
24.988,24.954367,1.2204766,0.43610072,73.0,23,-0.026523596,1782505841.7979383,135
24.988,24.958673,1.1290116,0.43610072,73.0,23,-0.026468301,1782505841.7979383,135
24.992002,24.952368,1.3994226,0.14525135,37.0,21,-0.025087474,1782505841.7979383,135
24.992002,24.959398,1.242565,0.29093397,62.0,22,-0.027527757,1782505841.8981175,136
24.988,24.960983,1.076727,0.43610072,70.0,23,-0.026605068,1782505841.8981175,136
24.991999,24.965559,1.1118459,0.29093397,59.0,22,-0.027625475,1782505841.9982882,137
24.992004,24.950203,1.3774554,0.43617055,73.0,23,-0.027026711,1782505841.9982882,137
25.008001,24.973763,1.3000782,0.14534435,37.0,21,-0.025411349,1782505841.9982882,137
24.996,24.958668,1.3342458,0.29098052,63.0,22,-0.027976291,1782505842.0985346,138
25.004005,24.964317,1.3389071,0.43637997,73.0,23,-0.027187591,1782505842.0985346,138
24.992002,24.956852,1.2511735,0.43617055,73.0,23,-0.027132297,1782505842.0985346,138
25.004,24.97582,1.17783,0.1453211,35.0,21,-0.025530761,1782505842.0985346,138
24.996,24.962517,1.2601786,0.29098052,60.0,22,-0.028112855,1782505842.1987245,139
25.000004,24.96824,1.1818467,0.43631017,77.0,23,-0.027288852,1782505842.1987245,139
24.980005,24.952429,1.0894467,0.43596113,70.0,23,-0.027233556,1782505842.1987245,139
25.004002,24.966516,1.3608787,0.1453211,34.0,21,-0.025849186,1782505842.1987245,139
24.987999,24.96195,1.102967,0.2908874,61.0,22,-0.028256109,1782505842.2990243,140
24.995998,24.96005,1.3081096,0.29098052,60.0,22,-0.02857617,1782505842.3990111,141
25.004002,24.965933,1.3084081,0.43637997,77.0,23,-0.02779367,1782505842.3990111,141
24.996,24.966465,1.1337183,0.43624035,73.0,23,-0.027683077,1782505842.3990111,141
24.992,24.952122,1.4037776,0.14525135,34.0,21,-0.026294144,1782505842.3990111,141
24.988,24.965107,1.0594429,0.1452281,93.0,21,-0.02607296,1782505842.3990111,141
24.988003,24.9474,1.3554779,0.43610072,73.0,23,-0.028016966,1782505842.4993737,142
24.987999,24.951977,1.2683802,0.43610072,73.0,23,-0.02796167,1782505842.4993737,142
25.008001,24.979197,1.1910975,0.14534435,37.0,21,-0.026347056,1782505842.4993737,142
24.992,24.967834,1.0595587,0.29093397,60.0,22,-0.0288026,1782505842.5995088,143
24.984001,24.957361,1.0678434,0.43603092,63.0,23,-0.028029125,1782505842.5995088,143
25.012001,24.975916,1.3351603,0.1453676,35.0,21,-0.026663795,1782505842.5995088,143
24.996,24.968773,1.1294663,0.29098052,62.0,22,-0.029008524,1782505842.6997771,144
24.996,24.966661,1.129373,0.43624035,77.0,23,-0.028225752,1782505842.6997771,144
24.984001,24.961298,1.054917,0.14520486,89.0,21,-0.026640669,1782505842.6997771,144
25.0,24.961252,1.3605976,0.2910271,69.0,22,-0.029327154,1782505842.7999387,145
25.000004,24.974325,1.0947796,0.2910271,61.0,22,-0.029171074,1782505842.7999387,145
24.995998,24.960506,1.2993857,0.29098052,59.0,22,-0.029508777,1782505842.9001925,146
25.000002,24.957462,1.3909636,0.43631017,80.0,23,-0.028782733,1782505842.9001925,146
25.004004,24.97426,1.1384517,0.43637997,77.0,23,-0.028616844,1782505842.9001925,146
24.996,24.969448,1.1425902,0.1452746,37.0,21,-0.027059196,1782505842.9001925,146
24.988,24.965294,1.0550858,0.1452281,93.0,21,-0.0270039,1782505842.9001925,146
24.992002,24.958363,1.220672,0.43617055,77.0,23,-0.029116195,1782505843.100643,148
24.996,24.957258,1.3603798,0.29098052,61.0,22,-0.030128207,1782505843.2007596,149
25.000002,24.970789,1.199433,0.14529786,36.0,21,-0.027676716,1782505843.2007596,149
24.996,24.958435,1.3386014,0.29098052,63.0,22,-0.030517662,1782505843.4011068,151
24.988,24.952639,1.2553161,0.43610072,73.0,23,-0.02968341,1782505843.4011068,151
24.984,24.952873,1.1680256,0.43603092,73.0,23,-0.029628113,1782505843.4011068,151
25.008001,24.970747,1.3567384,0.14534435,37.0,21,-0.028183168,1782505843.4011068,151
24.996,24.956781,1.3690788,0.29098052,62.0,22,-0.030751212,1782505843.5015104,152
24.984001,24.955265,1.1157652,0.43603092,70.0,23,-0.029796386,1782505843.5015104,152
24.992002,24.95918,1.2469091,0.29093397,64.0,22,-0.03085012,1782505843.6016974,153
25.012003,24.97545,1.3438784,0.1453676,37.0,21,-0.02858928,1782505843.6016974,153
24.992,24.953949,1.3077801,0.43617055,73.0,23,-0.03029044,1782505843.701881,154
24.992,24.958574,1.2163161,0.43617055,73.0,23,-0.030235143,1782505843.701881,154
24.988003,24.958279,1.1377232,0.43610072,73.0,23,-0.030179849,1782505843.701881,154
25.008003,24.977297,1.2303332,0.14534435,37.0,21,-0.028692005,1782505843.701881,154
25.004004,24.962662,1.3694159,0.43637997,77.0,23,-0.03052116,1782505843.802055,155
24.996,24.95733,1.3822234,0.1452746,35.0,21,-0.028963717,1782505843.802055,155
24.992004,24.961273,1.1596752,0.43617055,77.0,23,-0.03056188,1782505843.9022982,156
24.992002,24.963423,1.1859785,0.14525135,37.0,21,-0.029237302,1782505844.0024762,157
24.984,24.940882,1.4380832,0.29084083,68.0,22,-0.03193571,1782505844.1026535,158
24.996,24.957966,1.3473129,0.29098052,60.0,22,-0.031880412,1782505844.1026535,158
24.984001,24.952465,1.1767355,0.43603092,73.0,23,-0.03101164,1782505844.1026535,158
24.984003,24.95604,1.0983438,0.43603092,77.0,23,-0.030956343,1782505844.1026535,158
25.004002,24.97541,1.186548,0.1453211,36.0,21,-0.029461585,1782505844.1026535,158
24.991999,24.965946,1.1031436,0.29093397,61.0,22,-0.031943817,1782505844.2028236,159
25.004002,24.96429,1.3782432,0.29107368,62.0,22,-0.032317296,1782505844.302918,160
24.996,24.965311,1.2035525,0.29098052,62.0,22,-0.032206707,1782505844.302918,160
24.988,24.954792,1.2117662,0.43610072,77.0,23,-0.031430133,1782505844.302918,160
24.996,24.96595,1.216671,0.1452746,35.0,21,-0.029904874,1782505844.302918,160
24.988,24.965477,1.0507283,0.1452281,69.0,21,-0.029795507,1782505844.302918,160
24.996,24.964891,1.2122544,0.29098052,63.0,22,-0.032476526,1782505844.4032013,161
24.991999,24.969473,1.0508965,0.14525135,85.0,21,-0.030064104,1782505844.4032013,161
25.004002,24.967354,1.3216006,0.29107368,62.0,22,-0.032702666,1782505844.5033362,162
24.991999,24.959827,1.2338412,0.29093397,59.0,22,-0.03264737,1782505844.5033362,162
24.992,24.963984,1.1467129,0.29093397,64.0,22,-0.032592077,1782505844.5033362,162
24.992002,24.952799,1.3295665,0.43617055,77.0,23,-0.031937063,1782505844.5033362,162
24.992002,24.957289,1.2424505,0.43617055,77.0,23,-0.031881765,1782505844.5033362,162
24.988,24.96117,1.0723708,0.43610072,66.0,23,-0.031778835,1782505844.5033362,162
25.004002,24.972218,1.2519293,0.1453211,37.0,21,-0.030329362,1782505844.5033362,162
24.992,24.964447,1.1641933,0.14525135,35.0,21,-0.030274065,1782505844.5033362,162
24.987999,24.962143,1.0985985,0.2908874,61.0,22,-0.032762732,1782505844.603693,163
24.988,24.951534,1.2771014,0.43610072,77.0,23,-0.0320772,1782505844.603693,163
24.991999,24.966635,1.1162628,0.14525135,34.0,21,-0.030447343,1782505844.603693,163
24.996,24.95249,1.408172,0.43624035,77.0,23,-0.032414716,1782505844.7039275,164
24.988,24.957478,1.1551459,0.43610072,77.0,23,-0.03224883,1782505844.7039275,164
24.996,24.959938,1.3343061,0.1452746,37.0,21,-0.030827008,1782505844.7039275,164
24.996,24.961094,1.312524,0.1452746,35.0,21,-0.030950936,1782505844.8040812,165
25.004002,24.978037,1.1298774,0.1453211,37.0,21,-0.030840343,1782505844.8040812,165
24.992,24.963629,1.1816214,0.14525135,36.0,21,-0.031066297,1782505844.9042215,166
24.992002,24.95092,1.364392,0.43617055,70.0,23,-0.03293045,1782505845.004343,167
24.984003,24.95143,1.1984969,0.43603092,70.0,23,-0.032819856,1782505845.004343,167
24.984001,24.955654,1.1070427,0.43603092,70.0,23,-0.03276456,1782505845.004343,167
25.004,24.974573,1.2039838,0.1453211,36.0,21,-0.031267896,1782505845.004343,167
24.996,24.962355,1.2208673,0.43624035,77.0,23,-0.033062737,1782505845.1044135,168
25.004002,24.977442,1.142956,0.1453211,37.0,21,-0.031457387,1782505845.1044135,168
25.000002,24.977467,1.051233,0.14529786,85.0,21,-0.031402092,1782505845.1044135,168
24.988,24.96439,1.0463187,0.2908874,61.0,22,-0.034095492,1782505845.30485,170
24.988,24.954155,1.2248317,0.43610072,77.0,23,-0.033425935,1782505845.30485,170
24.980003,24.950684,1.1286502,0.43596113,70.0,23,-0.033370636,1782505845.30485,170
24.996,24.970087,1.0509251,0.43624035,45.0,23,-0.033315342,1782505845.30485,170
24.996,24.961632,1.2776045,0.29098052,61.0,22,-0.034436088,1782505845.4051092,171
24.996,24.954672,1.3689775,0.43624035,73.0,23,-0.033709805,1782505845.4051092,171
24.987997,24.958155,1.1857328,0.2908874,61.0,22,-0.034543548,1782505845.505145,172
24.988,24.962336,1.094254,0.2908874,63.0,22,-0.034488764,1782505845.505145,172
25.004002,24.971167,1.2475079,0.29107368,61.0,22,-0.034772124,1782505845.6052914,173
24.992002,24.96338,1.1597832,0.29093397,60.0,22,-0.034716826,1782505845.6052914,173
24.992002,24.952335,1.3382645,0.43617055,77.0,23,-0.034002684,1782505845.6052914,173
24.992002,24.96107,1.1640433,0.43617055,77.0,23,-0.033892095,1782505845.6052914,173
24.988,24.946144,1.4383856,0.1452281,34.0,21,-0.032545123,1782505845.6052914,173
24.992,24.967981,1.0857595,0.14525135,34.0,21,-0.032319203,1782505845.6052914,173
24.988003,24.955633,1.1943454,0.43610072,73.0,23,-0.03415023,1782505845.7055392,174
25.008,24.966085,1.4176795,0.29112023,68.0,22,-0.03524067,1782505845.8057935,175
25.000002,24.958626,1.4303644,0.14529786,34.0,21,-0.032926947,1782505845.8057935,175
24.996002,24.959473,1.3430187,0.1452746,34.0,21,-0.032871652,1782505845.8057935,175
24.996,24.968971,1.1250967,0.29098052,64.0,22,-0.035301704,1782505845.905916,176
24.984001,24.958284,1.046065,0.43603092,31.0,23,-0.03446939,1782505845.905916,176
24.992,24.967463,1.0682737,0.29093397,61.0,22,-0.035419192,1782505846.0061145,177
25.000002,24.96102,1.3256241,0.43631017,80.0,23,-0.03481375,1782505846.0061145,177
24.996,24.958202,1.3429453,0.29098052,60.0,22,-0.035806026,1782505846.1063929,178
25.000002,24.96518,1.286523,0.2910271,61.0,22,-0.03597784,1782505846.206561,179
25.008001,24.973988,1.2957194,0.14534435,37.0,21,-0.033680335,1782505846.206561,179
24.987999,24.94612,1.4165457,0.2908874,64.0,22,-0.036264334,1782505846.306775,180
24.988,24.963467,1.0681027,0.2908874,63.0,22,-0.03604315,1782505846.306775,180
24.988003,24.953077,1.2466065,0.43610072,77.0,23,-0.035359524,1782505846.306775,180
24.992,24.96817,1.081402,0.14525135,36.0,21,-0.033710595,1782505846.306775,180
24.991999,24.956964,1.2904665,0.29093397,62.0,22,-0.036368012,1782505846.407308,181
24.984,24.951218,1.2028633,0.43603092,73.0,23,-0.035531614,1782505846.407308,181
25.008001,24.978148,1.2128954,0.14534435,35.0,21,-0.034004208,1782505846.407308,181
25.0,24.964046,1.3083191,0.2910271,61.0,22,-0.036562223,1782505846.5071688,182
25.004002,24.976372,1.1385338,0.29107368,60.0,22,-0.03668974,1782505846.6073081,183
25.008001,24.964716,1.4044794,0.4364498,94.0,23,-0.036068566,1782505846.6073081,183
24.988003,24.953728,1.2335416,0.43610072,73.0,23,-0.035957973,1782505846.6073081,183
24.988003,24.948341,1.3380502,0.43610072,73.0,23,-0.03625329,1782505846.7075222,184
24.988003,24.952858,1.2509732,0.43610072,73.0,23,-0.036197994,1782505846.7075222,184
24.984001,24.956799,1.0809101,0.43603092,70.0,23,-0.0360874,1782505846.7075222,184
24.987999,24.96328,1.0724591,0.2908874,61.0,22,-0.037243623,1782505846.907954,186
25.000002,24.958126,1.4390764,0.14529786,34.0,21,-0.035150133,1782505846.907954,186
24.996,24.961409,1.2819724,0.29098052,61.0,22,-0.03760377,1782505847.0081975,187
24.988,24.955214,1.203056,0.43610072,73.0,23,-0.036764987,1782505847.0081975,187
25.004002,24.981646,1.0470412,0.1453211,58.0,21,-0.03509746,1782505847.0081975,187
24.992,24.960896,1.2120605,0.29093397,63.0,22,-0.037727933,1782505847.1083992,188
25.012001,24.972092,1.404901,0.1453676,41.0,21,-0.03551309,1782505847.1083992,188
24.996,24.973286,1.0554236,0.1452746,85.0,21,-0.035291906,1782505847.1083992,188
24.988,24.964207,1.0506873,0.2908874,59.0,22,-0.03786281,1782505847.20855,189
25.008001,24.980835,1.1562188,0.14534435,34.0,21,-0.035601288,1782505847.20855,189
25.016,24.974098,1.4399974,0.14539084,40.0,21,-0.035999294,1782505847.3087552,190
24.996,24.963789,1.2602428,0.1452746,37.0,21,-0.035888705,1782505847.3087552,190
24.987999,24.961758,1.1073232,0.2908874,62.0,22,-0.0383047,1782505847.409132,191
24.984,24.958908,1.0809994,0.29084083,62.0,22,-0.03849372,1782505847.509275,192
25.004002,24.963846,1.3476325,0.43637997,77.0,23,-0.037880853,1782505847.509275,192
24.996002,24.968597,1.0857867,0.43624035,73.0,23,-0.03772096,1782505847.509275,192
25.008001,24.979816,1.1780183,0.14534435,37.0,21,-0.036229063,1782505847.509275,192
24.996,24.96798,1.1468965,0.29098052,62.0,22,-0.038682204,1782505847.6094587,193
24.996,24.95488,1.4257799,0.1452746,39.0,21,-0.03655151,1782505847.6094587,193
25.000002,24.976353,1.0773888,0.14529786,33.0,21,-0.036320344,1782505847.6094587,193
24.996,24.959824,1.3124659,0.29098052,61.0,22,-0.03895797,1782505847.709708,194
25.004002,24.980537,1.0732013,0.1453211,100.0,21,-0.03649529,1782505847.709708,194
24.988003,24.950184,1.3032283,0.43610072,80.0,23,-0.038554862,1782505847.909916,196
24.980005,24.948679,1.1721811,0.43596113,73.0,23,-0.038607758,1782505848.010068,197
24.996,24.967209,1.1905259,0.1452746,37.0,21,-0.037087303,1782505848.010068,197
24.996,24.952736,1.4038054,0.43624035,80.0,23,-0.038958132,1782505848.1104066,198
24.988,24.950638,1.2945076,0.43610072,77.0,23,-0.039071582,1782505848.2105858,199
25.004002,24.973728,1.2214191,0.1453211,37.0,21,-0.03747029,1782505848.2105858,199
25.004002,24.966892,1.3303037,0.29107368,61.0,22,-0.040074077,1782505848.3106678,200
24.992,24.966522,1.0900719,0.29093397,62.0,22,-0.040964738,1782505848.8115687,205
24.992002,24.951864,1.3469857,0.43617055,80.0,23,-0.040349286,1782505848.8115687,205
25.004002,24.978512,1.0905954,0.29107368,60.0,22,-0.04116777,1782505848.9118426,206
24.996002,24.958529,1.3604432,0.1452746,37.0,21,-0.039032575,1782505848.9118426,206
24.992002,24.958963,1.251265,0.29093397,60.0,22,-0.041480713,1782505849.0119007,207
24.988,24.962526,1.0898974,0.2908874,60.0,22,-0.041628495,1782505849.1121993,208
25.008001,24.97051,1.3610964,0.14534435,37.0,21,-0.039470144,1782505849.1121993,208
24.996,24.95175,1.421236,0.43624035,77.0,23,-0.041458,1782505849.3126845,210
24.987997,24.961174,1.1203922,0.2908874,64.0,22,-0.042230997,1782505849.4132288,211
24.992002,24.949718,1.386176,0.43617055,77.0,23,-0.04161793,1782505849.4132288,211
24.988003,24.950413,1.298862,0.43610072,70.0,23,-0.04156263,1782505849.4132288,211
24.992002,24.962866,1.1248356,0.43617055,77.0,23,-0.04145204,1782505849.4132288,211
24.996,24.956604,1.3952909,0.1452746,37.0,21,-0.04007145,1782505849.4132288,211
25.000004,24.958668,1.3691968,0.43631017,73.0,23,-0.041754015,1782505849.5131965,212
24.984001,24.95546,1.1114099,0.43603092,70.0,23,-0.041588128,1782505849.5131965,212
24.995998,24.957495,1.3560123,0.29098052,61.0,22,-0.042741027,1782505849.6133642,213
24.991999,24.957859,1.2730442,0.29093397,64.0,22,-0.04268573,1782505849.6133642,213
24.987999,24.96098,1.1247367,0.2908874,62.0,22,-0.04293479,1782505849.81376,215
24.984001,24.954481,1.133174,0.43603092,70.0,23,-0.042160366,1782505849.81376,215
25.000002,24.971415,1.1863582,0.14529786,37.0,21,-0.041063648,1782505850.0141509,217
24.995998,24.95606,1.3821454,0.29098052,62.0,22,-0.043701272,1782505850.1143913,218
24.995998,24.960958,1.2906731,0.29098052,63.0,22,-0.043645978,1782505850.1143913,218
24.984001,24.954678,1.1288308,0.43603092,73.0,23,-0.042771686,1782505850.1143913,218
24.988,24.947636,1.351112,0.43610072,73.0,23,-0.043106325,1782505850.2145514,219
25.004004,24.973055,1.1646023,0.43637997,77.0,23,-0.043167308,1782505850.3147452,220
24.992002,24.948006,1.416643,0.43617055,77.0,23,-0.043488834,1782505850.4149225,221
24.992002,24.950888,1.4255519,0.14525135,34.0,21,-0.041942116,1782505850.4149225,221
24.991999,24.963581,1.1554264,0.29093397,62.0,22,-0.044511113,1782505850.6152227,223
25.004002,24.980349,1.0775611,0.1453211,34.0,21,-0.042137094,1782505850.6152227,223
25.012003,24.970106,1.4397671,0.1453676,39.0,21,-0.042547718,1782505850.7154813,224
25.012001,24.975214,1.3482376,0.1453676,35.0,21,-0.042492423,1782505850.7154813,224
24.984003,24.947763,1.2725312,0.43603092,77.0,23,-0.044212893,1782505850.815574,225
24.996,24.964252,1.2253252,0.29098052,61.0,22,-0.045155797,1782505850.9157963,226
25.000004,24.964169,1.3301628,0.14529786,35.0,21,-0.042889982,1782505850.9157963,226
25.004,24.97684,1.1560339,0.1453211,36.0,21,-0.042779393,1782505850.9157963,226
25.0,24.976727,1.0686704,0.14529786,100.0,21,-0.042724095,1782505850.9157963,226
24.988003,24.951757,1.2727349,0.43610072,70.0,23,-0.04461519,1782505851.0160563,227
24.992,24.949959,1.3818216,0.43617055,73.0,23,-0.04488261,1782505851.1163008,228
25.000002,24.960537,1.3736665,0.2910271,63.0,22,-0.04590108,1782505851.2164514,229
24.984003,24.954876,1.1244755,0.43603092,73.0,23,-0.04495269,1782505851.2164514,229
24.992,24.954208,1.3427304,0.29093397,62.0,22,-0.04648522,1782505851.5170612,232
25.008001,24.973307,1.3087956,0.14534435,37.0,21,-0.04435193,1782505851.617278,233
24.988,24.963093,1.0768279,0.2908874,60.0,22,-0.04672238,1782505851.7174559,234
25.000002,24.965548,1.3040196,0.14529786,38.0,21,-0.044724666,1782505851.8176744,235
24.988003,24.957073,1.1638571,0.43610072,77.0,23,-0.04639318,1782505851.9178808,236
24.992,24.964243,1.1685504,0.14525135,35.0,21,-0.04483788,1782505851.9178808,236
24.987997,24.948313,1.3773612,0.2908874,63.0,22,-0.04747837,1782505852.0179982,237
24.996,24.96278,1.2121542,0.43624035,77.0,23,-0.04660217,1782505852.0179982,237
25.008,24.978569,1.2041763,0.14534435,37.0,21,-0.045218006,1782505852.1182334,238
25.008,24.98262,1.1169775,0.14534435,35.0,21,-0.04516271,1782505852.1182334,238
24.991999,24.961527,1.1989918,0.29093397,63.0,22,-0.047922373,1782505852.318732,240
24.984,24.957546,1.0634879,0.43603092,63.0,23,-0.04725949,1782505852.4188042,241
24.996,24.967056,1.1206465,0.43624035,73.0,23,-0.047457073,1782505852.5190718,242
25.008001,24.981834,1.1344185,0.14534435,36.0,21,-0.045905825,1782505852.5190718,242
25.004004,24.972029,1.1863819,0.43637997,73.0,23,-0.04767468,1782505852.6194215,243
24.996,24.968216,1.094502,0.43624035,73.0,23,-0.047619384,1782505852.6194215,243
24.991999,24.967216,1.1031902,0.14525135,36.0,21,-0.04606981,1782505852.6194215,243
24.991999,24.964777,1.1292855,0.29093397,61.0,22,-0.048653822,1782505852.7196317,244
24.991999,24.950638,1.4299065,0.14525135,34.0,21,-0.046702825,1782505852.8195655,245
24.996,24.96128,1.2426492,0.43624035,77.0,23,-0.048922837,1782505853.2202842,249
24.984,24.957174,1.0721991,0.43603092,66.0,23,-0.048812244,1782505853.2202842,249
25.016,24.97435,1.4356385,0.14539084,40.0,21,-0.047710996,1782505853.3204443,250
24.992002,24.967602,1.094475,0.14525135,37.0,21,-0.04748981,1782505853.3204443,250
25.008001,24.982426,1.1213379,0.14534435,35.0,21,-0.04770122,1782505853.4207668,251
25.008001,24.976648,1.2434111,0.14534435,35.0,21,-0.04799674,1782505853.520869,252
25.000002,24.977098,1.0599518,0.14529786,100.0,21,-0.047886148,1782505853.520869,252
25.012001,24.968954,1.4003582,0.4365196,94.0,23,-0.04986304,1782505853.6210759,253
24.992002,24.957935,1.2293835,0.43617055,77.0,23,-0.04975844,1782505853.6210759,253
24.988,24.964737,1.0681574,0.1452281,100.0,21,-0.04810209,1782505853.6210759,253
24.995998,24.957941,1.3079894,0.43624035,77.0,23,-0.050044186,1782505853.7212527,254
24.988,24.958078,1.1420788,0.43610072,77.0,23,-0.049933594,1782505853.7212527,254
24.980003,24.953924,1.0546076,0.43596113,49.0,23,-0.0498783,1782505853.7212527,254
25.004002,24.97496,1.1690575,0.29107368,62.0,22,-0.05115727,1782505853.921668,256
24.991999,24.962767,1.172853,0.29093397,62.0,22,-0.051527653,1782505854.1220293,258
24.988,24.959385,1.1595976,0.2908874,60.0,22,-0.051698547,1782505854.2222266,259
25.008001,24.975994,1.2564889,0.14534435,37.0,21,-0.049426742,1782505854.2222266,259
24.988,24.963839,1.0593891,0.2908874,61.0,22,-0.051799092,1782505854.3223834,260
24.980003,24.953367,1.0676726,0.43596113,63.0,23,-0.051029943,1782505854.3223834,260
24.991999,24.961105,1.2077045,0.29093397,62.0,22,-0.052067228,1782505854.4225655,261
24.992002,24.955528,1.2773058,0.43617055,80.0,23,-0.0518664,1782505854.8234358,265
25.000002,24.975018,1.1079025,0.14529786,37.0,21,-0.050430857,1782505854.8234358,265
25.008,24.965446,1.3914086,0.4364498,77.0,23,-0.05257837,1782505855.024131,267
25.004005,24.965706,1.3127651,0.43637997,77.0,23,-0.052523077,1782505855.024131,267
24.992,24.960258,1.2251291,0.29093397,62.0,22,-0.053601146,1782505855.224604,269
25.008001,24.96496,1.4001342,0.4364498,100.0,23,-0.05294017,1782505855.224604,269
24.988,24.95394,1.2291867,0.43610072,73.0,23,-0.05282958,1782505855.224604,269
25.008003,24.978361,1.208536,0.14534435,37.0,21,-0.051470686,1782505855.3247054,270
24.991999,24.96644,1.1206204,0.14525135,35.0,21,-0.05141539,1782505855.3247054,270
25.008001,24.98043,1.1649387,0.14534435,37.0,21,-0.051636335,1782505855.4247417,271
24.987999,24.961369,1.1160358,0.2908874,61.0,22,-0.054338556,1782505855.6249917,273
24.992,24.95537,1.3209662,0.29093397,64.0,22,-0.05466267,1782505855.7251987,274
24.984,24.94575,1.3510197,0.29084083,68.0,22,-0.055336203,1782505856.0258536,277
24.988,24.956263,1.224933,0.2908874,61.0,22,-0.055426292,1782505856.1260722,278
24.992002,24.948988,1.3992385,0.43617055,77.0,23,-0.054735992,1782505856.1260722,278
24.996002,24.964663,1.2428143,0.1452746,36.0,21,-0.053130183,1782505856.1260722,278
24.984001,24.95834,1.0940789,0.29084083,62.0,22,-0.055516377,1782505856.226002,279
24.996,24.959236,1.3473752,0.1452746,34.0,21,-0.05358042,1782505856.326646,280
24.991999,24.955828,1.312256,0.29093397,62.0,22,-0.0560636,1782505856.426528,281
24.984,24.950796,1.2115723,0.43603092,77.0,23,-0.055600446,1782505856.6268833,283
25.000002,24.960842,1.3911576,0.14529786,36.0,21,-0.054159075,1782505856.6268833,283
24.988,24.94787,1.34677,0.43610072,73.0,23,-0.05588476,1782505856.7271216,284
24.980003,24.952618,1.0850918,0.43596113,73.0,23,-0.05571247,1782505856.7271216,284
24.991999,24.956285,1.303533,0.29093397,61.0,22,-0.057183504,1782505857.027718,287
24.984001,24.954082,1.141896,0.43603092,80.0,23,-0.05632236,1782505857.027718,287
24.988,24.950861,1.2901651,0.43610072,73.0,23,-0.056813076,1782505857.2283566,289
25.016003,24.973192,1.3962239,0.4365894,100.0,23,-0.057087615,1782505857.3283248,290
25.000004,24.972023,1.0990473,0.43631017,73.0,23,-0.057104543,1782505857.4288075,291
24.991999,24.950605,1.4080515,0.29093397,64.0,22,-0.058280587,1782505857.5290492,292
25.008,24.963976,1.4175498,0.4364498,73.0,23,-0.0575002,1782505857.5290492,292
24.995998,24.969347,1.0683563,0.43624035,66.0,23,-0.057279013,1782505857.5290492,292
24.995998,24.955818,1.3865125,0.29098052,62.0,22,-0.058419023,1782505857.6292942,293
24.988,24.96228,1.0462325,0.43610072,49.0,23,-0.057424877,1782505857.6292942,293
25.004002,24.966839,1.2909912,0.43637997,73.0,23,-0.058211625,1782505857.9298553,296
