test_id,lidar_id,trial_id,file_path,sample_count_N,mean_range_m,repeatability_sr_m,std_uncertainty_u_m,expanded_u95_m
target1,velodyne_points,7,/home/quin/improved_lidar_processing/results/june_26_2026_laser_rangefinder/velodyne_points/target1/inner_planar_target_points_7.csv,1025,24.995762649756095,0.008866382006876245,0.0002769392464710624,0.0005538784929421248
target1,velodyne_points,3,/home/quin/improved_lidar_processing/results/june_26_2026_laser_rangefinder/velodyne_points/target1/inner_planar_target_points_3.csv,1197,24.98942790810359,0.007113456041622215,0.0002056049550487402,0.0004112099100974804
target1,velodyne_points,1,/home/quin/improved_lidar_processing/results/june_26_2026_laser_rangefinder/velodyne_points/target1/inner_planar_target_points_1.csv,888,25.00535252364865,0.008096729681619183,0.00027170845766249173,0.0005434169153249835
target1,velodyne_points,9,/home/quin/improved_lidar_processing/results/june_26_2026_laser_rangefinder/velodyne_points/target1/inner_planar_target_points_9.csv,1003,25.011418650049848,0.010674530546370705,0.00033705309377208995,0.0006741061875441799
target1,velodyne_points,2,/home/quin/improved_lidar_processing/results/june_26_2026_laser_rangefinder/velodyne_points/target1/inner_planar_target_points_2.csv,1051,24.999677628924832,0.008561744193422474,0.0002640954323115859,0.0005281908646231718
target1,velodyne_points,4,/home/quin/improved_lidar_processing/results/june_26_2026_laser_rangefinder/velodyne_points/target1/inner_planar_target_points_4.csv,1116,24.986219593189965,0.006711863863707065,0.00020091438940061728,0.00040182877880123456
target1,velodyne_points,8,/home/quin/improved_lidar_processing/results/june_26_2026_laser_rangefinder/velodyne_points/target1/inner_planar_target_points_8.csv,1038,24.99215098265896,0.009903809942576447,0.00030739982841146,0.00061479965682292
target1,velodyne_points,5,/home/quin/improved_lidar_processing/results/june_26_2026_laser_rangefinder/velodyne_points/target1/inner_planar_target_points_5.csv,1090,24.997458007339446,0.00686407998994052,0.00020790698808767773,0.00041581397617535546
target1,velodyne_points,10,/home/quin/improved_lidar_processing/results/june_26_2026_laser_rangefinder/velodyne_points/target1/inner_planar_target_points_10.csv,1051,24.999274425309228,0.00795844065396925,0.0002454859404291475,0.000490971880858295
target1,velodyne_points,6,/home/quin/improved_lidar_processing/results/june_26_2026_laser_rangefinder/velodyne_points/target1/inner_planar_target_points_6.csv,1106,24.989328012658227,0.008285109716219263,0.00024912694391829174,0.0004982538878365835
target1,ouster-points,7,/home/quin/improved_lidar_processing/results/june_26_2026_laser_rangefinder/ouster-points/target1/inner_planar_target_points_7.csv,222,25.10630469369369,0.011305140987105593,0.0007587513828544171,0.0015175027657088342
target1,ouster-points,3,/home/quin/improved_lidar_processing/results/june_26_2026_laser_rangefinder/ouster-points/target1/inner_planar_target_points_3.csv,204,25.09045648529412,0.01262704238153975,0.000884069798352386,0.001768139596704772
target1,ouster-points,1,/home/quin/improved_lidar_processing/results/june_26_2026_laser_rangefinder/ouster-points/target1/inner_planar_target_points_1.csv,187,25.085160171122997,0.014702803491449984,0.001075175475065747,0.002150350950131494
target1,ouster-points,9,/home/quin/improved_lidar_processing/results/june_26_2026_laser_rangefinder/ouster-points/target1/inner_planar_target_points_9.csv,201,25.094493661691544,0.011943959273832735,0.0008424619309791567,0.0016849238619583134
target1,ouster-points,2,/home/quin/improved_lidar_processing/results/june_26_2026_laser_rangefinder/ouster-points/target1/inner_planar_target_points_2.csv,210,25.095908823809527,0.014186987535500453,0.0009789951489068127,0.0019579902978136255
target1,ouster-points,4,/home/quin/improved_lidar_processing/results/june_26_2026_laser_rangefinder/ouster-points/target1/inner_planar_target_points_4.csv,179,25.1040862849162,0.016456618084805738,0.0012300253864599962,0.0024600507729199924
target1,ouster-points,8,/home/quin/improved_lidar_processing/results/june_26_2026_laser_rangefinder/ouster-points/target1/inner_planar_target_points_8.csv,183,25.095175415300545,0.012957139686657057,0.0009578193267106565,0.001915638653421313
target1,ouster-points,5,/home/quin/improved_lidar_processing/results/june_26_2026_laser_rangefinder/ouster-points/target1/inner_planar_target_points_5.csv,88,25.103178045454545,0.009792075509283984,0.001043838756593787,0.002087677513187574
target1,ouster-points,10,/home/quin/improved_lidar_processing/results/june_26_2026_laser_rangefinder/ouster-points/target1/inner_planar_target_points_10.csv,192,25.092668526041667,0.012535531369743969,0.0009046740513445849,0.0018093481026891698
target1,ouster-points,6,/home/quin/improved_lidar_processing/results/june_26_2026_laser_rangefinder/ouster-points/target1/inner_planar_target_points_6.csv,146,25.102613089041096,0.013056055746437693,0.001080526861767262,0.002161053723534524
target1,rslidar_points,7,/home/quin/improved_lidar_processing/results/june_26_2026_laser_rangefinder/rslidar_points/target1/inner_planar_target_points_7.csv,275,25.028865665454546,0.011377873557505885,0.0006861115909518764,0.0013722231819037528
target1,rslidar_points,3,/home/quin/improved_lidar_processing/results/june_26_2026_laser_rangefinder/rslidar_points/target1/inner_planar_target_points_3.csv,249,25.033067967871485,0.013938519403735743,0.0008833177762553327,0.0017666355525106654
target1,rslidar_points,1,/home/quin/improved_lidar_processing/results/june_26_2026_laser_rangefinder/rslidar_points/target1/inner_planar_target_points_1.csv,187,25.00876856149733,0.007924148242291955,0.0005794711094283579,0.0011589422188567158
target1,rslidar_points,9,/home/quin/improved_lidar_processing/results/june_26_2026_laser_rangefinder/rslidar_points/target1/inner_planar_target_points_9.csv,250,25.029641843999997,0.01013050895554899,0.0006407096431253655,0.001281419286250731
target1,rslidar_points,2,/home/quin/improved_lidar_processing/results/june_26_2026_laser_rangefinder/rslidar_points/target1/inner_planar_target_points_2.csv,248,25.028615125,0.0110448500559127,0.000701348679899487,0.001402697359798974
target1,rslidar_points,4,/home/quin/improved_lidar_processing/results/june_26_2026_laser_rangefinder/rslidar_points/target1/inner_planar_target_points_4.csv,267,25.02501020973783,0.010571602318826857,0.0006469715551794615,0.001293943110358923
target1,rslidar_points,8,/home/quin/improved_lidar_processing/results/june_26_2026_laser_rangefinder/rslidar_points/target1/inner_planar_target_points_8.csv,287,25.02479783623693,0.010573092278667984,0.0006241099036970832,0.0012482198073941663
target1,rslidar_points,5,/home/quin/improved_lidar_processing/results/june_26_2026_laser_rangefinder/rslidar_points/target1/inner_planar_target_points_5.csv,244,25.02539699180328,0.010909231571536865,0.0006983919864425118,0.0013967839728850236
target1,rslidar_points,10,/home/quin/improved_lidar_processing/results/june_26_2026_laser_rangefinder/rslidar_points/target1/inner_planar_target_points_10.csv,275,25.02217742181818,0.010847784381245921,0.0006541460108958242,0.0013082920217916483
target1,rslidar_points,6,/home/quin/improved_lidar_processing/results/june_26_2026_laser_rangefinder/rslidar_points/target1/inner_planar_target_points_6.csv,304,25.02500766776316,0.010948358280631384,0.0006279314124072227,0.0012558628248144454
target1,pcl_combined_layer,7,/home/quin/improved_lidar_processing/results/june_26_2026_laser_rangefinder/pcl_combined_layer/target1/inner_planar_target_points_7.csv,5712,25.02627007160364,0.00581657182632864,7.696140649788742e-05,0.00015392281299577484
target1,pcl_combined_layer,3,/home/quin/improved_lidar_processing/results/june_26_2026_laser_rangefinder/pcl_combined_layer/target1/inner_planar_target_points_3.csv,5421,25.027189468732704,0.005595648882269463,7.599950292272745e-05,0.0001519990058454549
target1,pcl_combined_layer,1,/home/quin/improved_lidar_processing/results/june_26_2026_laser_rangefinder/pcl_combined_layer/target1/inner_planar_target_points_1.csv,7008,25.006594974172373,0.010116739460102808,0.00012084912743392597,0.00024169825486785194
target1,pcl_combined_layer,9,/home/quin/improved_lidar_processing/results/june_26_2026_laser_rangefinder/pcl_combined_layer/target1/inner_planar_target_points_9.csv,6243,25.022533674195095,0.007177596002878443,9.084109123742364e-05,0.00018168218247484728
target1,pcl_combined_layer,2,/home/quin/improved_lidar_processing/results/june_26_2026_laser_rangefinder/pcl_combined_layer/target1/inner_planar_target_points_2.csv,6223,25.027402125984253,0.005607628725872474,7.108522646131041e-05,0.00014217045292262082
target1,pcl_combined_layer,4,/home/quin/improved_lidar_processing/results/june_26_2026_laser_rangefinder/pcl_combined_layer/target1/inner_planar_target_points_4.csv,7256,25.03034183544653,0.004590693771278769,5.3892668279412214e-05,0.00010778533655882443
target1,pcl_combined_layer,8,/home/quin/improved_lidar_processing/results/june_26_2026_laser_rangefinder/pcl_combined_layer/target1/inner_planar_target_points_8.csv,6749,25.013707717884134,0.009008610421067301,0.00010965743728276831,0.00021931487456553663
target1,pcl_combined_layer,5,/home/quin/improved_lidar_processing/results/june_26_2026_laser_rangefinder/pcl_combined_layer/target1/inner_planar_target_points_5.csv,5533,25.030952429242724,0.004960835390005409,6.669211362953e-05,0.00013338422725906
target1,pcl_combined_layer,10,/home/quin/improved_lidar_processing/results/june_26_2026_laser_rangefinder/pcl_combined_layer/target1/inner_planar_target_points_10.csv,7370,25.019361245861603,0.008136266388327231,9.47744811202775e-05,0.000189548962240555
target1,pcl_combined_layer,6,/home/quin/improved_lidar_processing/results/june_26_2026_laser_rangefinder/pcl_combined_layer/target1/inner_planar_target_points_6.csv,5417,25.02878414362193,0.004942118977958134,6.714810776118758e-05,0.00013429621552237515
